etf_code,etf_name,holdings_file,holdings_latest_as_of,holdings_row_count,methodology_pdf_status,methodology_structured_status,index_code,index_name,rebalance_frequency,rebalance_months,rebalance_timing,rebalance_date_status,weighting_scheme,weight_cap,readiness,next_action,missing_data,review_flags
0000J0,PLUS 한화그룹주,etfs/output/files/holdings_0000J0.parquet,2026-06-16,4106,downloaded,draft_review_required,FI00.WLT.HWG,FnGuide Hanwha Group Index,semiannual,"6,12",2영업일 째(D+2)에 정기 변경을 수행합니다,requires_calendar,float_market_cap_weighted,20%,,,constituent_universe|corporate_actions|free_float_ratio|krx_trading_calendar|listed_shares|market_cap|stock_prices|trading_value_liquidity,date_resolution_missing:krx_trading_calendar|selection.total_constituents not extracted with evidence|status=draft_extracted|weight cap exists in rules but residual/fixed bucket scope is unresolved
0001P0,마이티 바이오시밀러&CDMO액티브,etfs/output/files/holdings_0001P0.parquet,2026-06-16,7510,downloaded,draft_review_required,,FnGuide Bio Similar & CDMO Index,semiannual,"6,12",선물옵션 만기일(D) 이후 2영업일째(D+2)에 정기변경을 수행합니다,requires_calendar,float_market_cap_weighted,22%,,,constituent_universe|corporate_actions|fics_industry_classification|free_float_ratio|futures_options_expiry_calendar|keyword_source_documents|krx_trading_calendar|listed_shares|market_cap|ranking_inputs|stock_prices|trading_value_liquidity,date_resolution_missing:futures_options_expiry_calendar|date_resolution_missing:krx_trading_calendar|weight_cap_scope_requires_review
0005D0,SOL 전고체배터리&실리콘음극재,etfs/output/files/holdings_0005D0.parquet,2026-06-16,3839,downloaded,draft_review_required,,FnGuide All-Solid-State Battery & Silicon Anode Index,quarterly,"3,6,9,12",선물옵션 만기일(D) 이후 2영업일 째(D+2)에 정기변경을 수행합니다,requires_calendar,float_market_cap_weighted,20%,,,constituent_universe|corporate_actions|fics_industry_classification|free_float_ratio|futures_options_expiry_calendar|keyword_source_documents|krx_trading_calendar|listed_shares|market_cap|ranking_inputs|stock_prices|trading_value_liquidity,date_resolution_missing:futures_options_expiry_calendar|date_resolution_missing:krx_trading_calendar|weight_cap_scope_requires_review
0005G0,IBK K-AI반도체코어테크,etfs/output/files/holdings_0005G0.parquet,2026-06-16,7014,downloaded,draft_review_required,,FnGuide K-AI Semiconductor Core Technology Index,semiannual,"6,12",선물옵션 만기일(D) 이후 2영업일째(D+2)에 정기변경을 수행합니다,requires_calendar,float_market_cap_weighted,20%,,,constituent_universe|corporate_actions|fics_industry_classification|free_float_ratio|futures_options_expiry_calendar|keyword_source_documents|krx_trading_calendar|listed_shares|market_cap|ranking_inputs|stock_prices|trading_value_liquidity,date_resolution_missing:futures_options_expiry_calendar|date_resolution_missing:krx_trading_calendar|weight_cap_scope_requires_review
0008T0,SOL 화장품TOP3플러스,etfs/output/files/holdings_0008T0.parquet,2026-06-16,3729,downloaded,draft_review_required,,FnGuide Cosmetics TOP3 Plus Index,quarterly,"1,4,7,10",2영업일 째(D+2)에 정기변경을 수행합니다,requires_calendar,float_market_cap_weighted,20%,,,constituent_universe|corporate_actions|free_float_ratio|keyword_source_documents|krx_trading_calendar|listed_shares|market_cap|ranking_inputs|stock_prices|trading_value_liquidity,date_resolution_missing:krx_trading_calendar|weight_cap_scope_requires_review
0019K0,TIME 미국나스닥100채권혼합50액티브,etfs/output/files/holdings_0019K0.parquet,2026-06-16,12915,downloaded,draft_review_required,FI00.MIX.NDX,FnGuide Nasdaq100 Balanced 50 Index,unknown,,개편 일정 FnGuide 나스닥100 채권혼합50 지수는 하위 지수인 NASDAQ100(TR) 지수와 KIS 국채 3- 10년(총수익) 지수의 비중이 5:5이 되도록 구성합니다. 하위 지수의 편입비중은 매일 동...,missing_methodology_rule,unknown,,,,constituent_universe|corporate_actions|krx_trading_calendar|listed_shares|stock_prices,date_resolution_missing:krx_trading_calendar|rebalance_rule_missing_or_ambiguous|selection.total_constituents not extracted with evidence|status=draft_extracted
0080Y0,SOL 조선TOP3플러스레버리지,etfs/output/files/holdings_0080Y0.parquet,2026-06-16,3575,downloaded,draft_review_required,FI00.WLT.L08,FnGuide Shipbuilding TOP3 Plus Leverage(2x) Index,semiannual,"5,11",storage or retrieval system nor should the material be disclosed to third parties without the written authorization o...,requires_calendar,market_cap_weighted,,,,constituent_universe|corporate_actions|free_float_ratio|krx_trading_calendar|listed_shares|market_cap|ranking_inputs|stock_prices,date_resolution_missing:krx_trading_calendar|selection.total_constituents not extracted with evidence|status=draft_extracted
0092B0,SOL 한국원자력SMR,etfs/output/files/holdings_0092B0.parquet,2026-06-16,2600,downloaded,draft_review_required,FI00.WLT.KNS,FnGuide KOREA Nuclear Power SMR Index,semiannual,"6,12",선물옵션 만기일(D) 이후 2영업일 째(D+2)에 정기변경을 수행합니다,requires_calendar,float_market_cap_weighted,,,,constituent_universe|corporate_actions|fics_industry_classification|free_float_ratio|futures_options_expiry_calendar|keyword_source_documents|krx_trading_calendar|listed_shares|market_cap|ranking_inputs|stock_prices|trading_value_liquidity,date_resolution_missing:futures_options_expiry_calendar|date_resolution_missing:krx_trading_calendar|selection.total_constituents not extracted with evidence|status=draft_extracted
0093A0,RISE AI반도체TOP10,etfs/output/files/holdings_0093A0.parquet,2026-06-16,2145,downloaded,draft_review_required,,FnGuide AI Semiconductor TOP10 Index,quarterly,"1,4,7,10",선물옵션 만기일(D) 이후 2영업일째(D+2)에 정기변경을 수행합니다,requires_calendar,float_market_cap_weighted,15%,,,constituent_universe|corporate_actions|fics_industry_classification|free_float_ratio|futures_options_expiry_calendar|keyword_source_documents|krx_trading_calendar|listed_shares|market_cap|ranking_inputs|stock_prices|trading_value_liquidity,date_resolution_missing:futures_options_expiry_calendar|date_resolution_missing:krx_trading_calendar|weight_cap_scope_requires_review
0098N0,PLUS 자사주매입고배당주,etfs/output/files/holdings_0098N0.parquet,2026-06-16,5580,downloaded,draft_review_required,FI00.WLT.HDP,FnGuide High Dividend Stocks Plus Buyback Index,semiannual,"6,12",5영업일째 되는 날(T+4)에 정기변경을 실시합니다,requires_calendar,market_cap_weighted,,,,constituent_universe|corporate_actions|dividend_data|free_float_ratio|krx_trading_calendar|listed_shares|market_cap|ranking_inputs|stock_prices|trading_value_liquidity,date_resolution_missing:krx_trading_calendar|selection.total_constituents not extracted with evidence|status=draft_extracted
0104G0,PLUS K방산레버리지,etfs/output/files/holdings_0104G0.parquet,2026-06-16,2040,downloaded,draft_review_required,FI00.WLT.L05,FnGuide Secondary Battery Industry Leverage Index TR,semiannual,"5,11",storage or retrieval system nor should the material be disclosed to third parties without the written authorization o...,requires_calendar,market_cap_weighted,,,,constituent_universe|corporate_actions|free_float_ratio|krx_trading_calendar|listed_shares|market_cap|stock_prices,date_resolution_missing:krx_trading_calendar|selection.total_constituents not extracted with evidence|status=draft_extracted
0104H0,KoAct 미국나스닥채권혼합50액티브,etfs/output/files/holdings_0104H0.parquet,2026-06-16,5541,downloaded,draft_review_required,FI00.MIX.NDX,FnGuide Nasdaq100 Balanced 50 Index,unknown,,개편 일정 FnGuide 나스닥100 채권혼합50 지수는 하위 지수인 NASDAQ100(TR) 지수와 KIS 국채 3- 10년(총수익) 지수의 비중이 5:5이 되도록 구성합니다. 하위 지수의 편입비중은 매일 동...,missing_methodology_rule,unknown,,,,constituent_universe|corporate_actions|krx_trading_calendar|listed_shares|stock_prices,date_resolution_missing:krx_trading_calendar|rebalance_rule_missing_or_ambiguous|selection.total_constituents not extracted with evidence|status=draft_extracted
0105E0,SOL 코리아고배당,etfs/output/files/holdings_0105E0.parquet,2026-06-16,5425,downloaded,draft_review_required,FI00.WLT.KRD,FnGuide KOREA High Dividend,semiannual,"5,11",선물옵션 만기일(D) 이후 2영업일째(D+2)에 정기변경을 수행합니다,requires_calendar,float_market_cap_weighted,5%,,,constituent_universe|corporate_actions|dividend_data|free_float_ratio|futures_options_expiry_calendar|krx_trading_calendar|listed_shares|market_cap|ranking_inputs|stock_prices|trading_value_liquidity,date_resolution_missing:futures_options_expiry_calendar|date_resolution_missing:krx_trading_calendar|selection.total_constituents not extracted with evidence|status=draft_extracted|weight cap exists in rules but residual/fixed bucket scope is unresolved
0111J0,HANARO 증권고배당TOP3플러스,etfs/output/files/holdings_0111J0.parquet,2026-06-16,1705,downloaded,draft_review_required,,FnGuide High Dividend Securities TOP3 Plus Index,semiannual,"6,12",선물옵션 만기일(D) 이후 2영업일 째(D+2)에 정기변경을 수행합니다,requires_calendar,market_cap_weighted,20%,,,constituent_universe|corporate_actions|dividend_data|fics_industry_classification|free_float_ratio|futures_options_expiry_calendar|krx_trading_calendar|listed_shares|market_cap|ranking_inputs|stock_prices|trading_value_liquidity,date_resolution_missing:futures_options_expiry_calendar|date_resolution_missing:krx_trading_calendar|weight_cap_scope_requires_review
0120J0,BNK 카카오그룹포커스,etfs/output/files/holdings_0120J0.parquet,2026-06-16,2018,downloaded,draft_review_required,FI00.WLT.BKA,FnGuide KAKAO Group Focus Index,unknown,"2,3,6,8,9,12",선물옵션 만기일(D) 이후 2영업일째(D+2)에 정기 개,missing_methodology_rule,market_cap_weighted,20%,,,constituent_universe|corporate_actions|fics_industry_classification|free_float_ratio|futures_options_expiry_calendar|krx_trading_calendar|listed_shares|market_cap|ranking_inputs|stock_prices|trading_value_liquidity,date_resolution_missing:futures_options_expiry_calendar|date_resolution_missing:krx_trading_calendar|rebalance_rule_missing_or_ambiguous|rules.selection_count differs from PDF total constituents|status=draft_extracted|weight_cap_scope_requires_review
0138D0,RISE 동학개미,etfs/output/files/holdings_0138D0.parquet,2026-06-16,2142,downloaded,draft_review_required,FI00.WLT.KIC,FnGuide Investor’s choice KR Index,semiannual,"5,11","3 영업일(D+2, D+3, D+4)동안 정기변경을 수행합니다",requires_calendar,equal_weighted,,,,constituent_universe|corporate_actions|free_float_ratio|krx_trading_calendar|listed_shares|market_cap|ranking_inputs|stock_prices|trading_value_liquidity,date_resolution_missing:krx_trading_calendar|status=draft_extracted
0141S0,SOL 조선기자재,etfs/output/files/holdings_0141S0.parquet,2026-06-16,1320,downloaded,draft_review_required,,FnGuide Shipbuilding Equipment Index,quarterly,"2,5,8,11",선물옵션 만기일(D) 이후 2영업일째(D+2)에 정기변경을 수행합니다,requires_calendar,equal_weighted,20%,,,constituent_universe|corporate_actions|fics_industry_classification|free_float_ratio|futures_options_expiry_calendar|keyword_source_documents|krx_trading_calendar|listed_shares|market_cap|ranking_inputs|stock_prices|trading_value_liquidity,date_resolution_missing:futures_options_expiry_calendar|date_resolution_missing:krx_trading_calendar|weight_cap_scope_requires_review
0150K0,KoAct 수소전력ESS인프라액티브,etfs/output/files/holdings_0150K0.parquet,2026-06-16,3939,downloaded,draft_review_required,FI00.WLT.SEH,FnGuide Hydrogen Power ESS Infra Index,semiannual,"6,12",선물옵션 만기일(D) 이후 2영업일째(D+2)에 정기변경을 수행합니다,requires_calendar,equal_weighted,,,,constituent_universe|corporate_actions|fics_industry_classification|free_float_ratio|futures_options_expiry_calendar|keyword_source_documents|krx_trading_calendar|listed_shares|market_cap|ranking_inputs|stock_prices|trading_value_liquidity,date_resolution_missing:futures_options_expiry_calendar|date_resolution_missing:krx_trading_calendar|rules.selection_count differs from PDF total constituents|status=draft_extracted
0152E0,SOL 배당성향탑픽액티브,etfs/output/files/holdings_0152E0.parquet,2026-06-16,2266,downloaded,draft_review_required,FI00.WLT.SHD,FnGuide Dividend Payout Top Picks,unknown,"1,2,4,5,7,8,10,11",2영업일째(D+2)에 정기변경을 수행합니다,missing_methodology_rule,float_market_cap_weighted,8%,,,constituent_universe|corporate_actions|dividend_data|free_float_ratio|krx_trading_calendar|listed_shares|market_cap|ranking_inputs|stock_prices|trading_value_liquidity,date_resolution_missing:krx_trading_calendar|rebalance_rule_missing_or_ambiguous|rules.selection_count differs from PDF total constituents|status=draft_extracted|weight cap exists in rules but residual/fixed bucket scope is unresolved
0153P0,ACE 리츠부동산인프라액티브,etfs/output/files/holdings_0153P0.parquet,2026-06-16,1372,downloaded,draft_review_required,FI00.WLT.MRD,FnGuide REITs Real Estate Infrastructure Index,semiannual,"6,12",선물옵션 만기일(D) 이후 2영업일(D+2) 부터 6영업일(D+6)까지 5영업일간 정기,requires_calendar,market_cap_weighted,17%,,,constituent_universe|corporate_actions|dividend_data|free_float_ratio|futures_options_expiry_calendar|krx_trading_calendar|listed_shares|market_cap|ranking_inputs|stock_prices|trading_value_liquidity,date_resolution_missing:futures_options_expiry_calendar|date_resolution_missing:krx_trading_calendar|selection.total_constituents not extracted with evidence|status=draft_extracted|weight_cap_scope_requires_review
0167A0,SOL AI반도체TOP2플러스,etfs/output/files/holdings_0167A0.parquet,2026-06-16,682,downloaded,draft_review_required,,FnGuide AI Semiconductor TOP2 Plus Index,quarterly,"1,4,7,10",2영업일째(D+2)에 정기변경을 수행합니다,requires_calendar,float_market_cap_weighted,15%,,,constituent_universe|corporate_actions|fics_industry_classification|free_float_ratio|keyword_source_documents|krx_trading_calendar|listed_shares|market_cap|ranking_inputs|stock_prices|trading_value_liquidity,date_resolution_missing:krx_trading_calendar|weight_cap_scope_requires_review
0177R0,TIGER 반도체TOP10커버드콜액티브,etfs/output/files/holdings_0177R0.parquet,2026-06-16,755,downloaded,draft_review_required,,FnGuide Size/Style Index Series,semiannual,"6,12",선물옵션 만기일(D) 이후 2영업일째(D+2)에 정기변경을 수행합니다,requires_calendar,float_market_cap_weighted,25%,,,constituent_universe|corporate_actions|dividend_data|free_float_ratio|futures_options_expiry_calendar|krx_trading_calendar|listed_shares|market_cap|ranking_inputs|stock_prices|trading_value_liquidity,date_resolution_missing:futures_options_expiry_calendar|date_resolution_missing:krx_trading_calendar|weight_cap_scope_requires_review
0178H0,IBK 미국AI TOP10국채혼합50,etfs/output/files/holdings_0178H0.parquet,2026-06-16,448,downloaded,draft_review_required,FGI.US.AIT.1,FnGuide 미국AITOP10 지수,semiannual,"5,11",3영업일 전으로 합니다,requires_calendar,market_cap_weighted,20%,,,constituent_universe|corporate_actions|dividend_data|keyword_source_documents|krx_trading_calendar|listed_shares|market_cap|ranking_inputs|stock_prices|trading_value_liquidity,date_resolution_missing:krx_trading_calendar|rules.selection_count differs from PDF total constituents|status=draft_extracted|weight_cap_scope_requires_review
0180V0,ACE 미국우주테크액티브,etfs/output/files/holdings_0180V0.parquet,2026-06-16,789,not_found,missing_pdf,,,unknown,,,missing_methodology_rule,unknown,,,,constituent_universe|corporate_actions|krx_trading_calendar|listed_shares|methodology_pdf_missing|stock_prices,date_resolution_missing:krx_trading_calendar|methodology_pdf_missing
0183V0,KIWOOM 삼성전자&SK하이닉스채권혼합50,etfs/output/files/holdings_0183V0.parquet,2026-06-16,346,downloaded,draft_review_required,FI00.MIX.SHB,FnGuide Samsung Electronics & SK Hynix Bond Balanced Index,semiannual,"5,11","개편 일정 FnGuide 삼성전자 & SK하이닉스 채권혼합 지수는 삼성전자, SK하이닉스와 FnGuide 국고통안채 지수의 비중을 매일 25:25:50 로 동일하게 조정하는 Constant Mix 방식을 적용합...",requires_calendar,equal_weighted,,,,constituent_universe|corporate_actions|free_float_ratio|krx_trading_calendar|listed_shares|market_cap|ranking_inputs|stock_prices,date_resolution_missing:krx_trading_calendar|selection.total_constituents not extracted with evidence|status=draft_extracted
0184V0,UNICORN K바이오액티브,etfs/output/files/holdings_0184V0.parquet,2026-06-16,432,downloaded,draft_review_required,,FnGuide K-Bio Balanced Index,quarterly,"5,6,11,12",선물옵션 만기일(D) 이후 2영업일째(D+2)에 정기변경을 수행합니다,requires_calendar,equal_weighted,,,,constituent_universe|corporate_actions|fics_industry_classification|free_float_ratio|futures_options_expiry_calendar|keyword_source_documents|krx_trading_calendar|listed_shares|market_cap|ranking_inputs|stock_prices|trading_value_liquidity,date_resolution_missing:futures_options_expiry_calendar|date_resolution_missing:krx_trading_calendar
145850,TREX 펀더멘탈 200,etfs/output/files/holdings_145850.parquet,2026-06-16,70455,downloaded,draft_review_required,FI00.WLT.200,FnGuide-RAFI Korea Index Series,annual,6,"종목 선정일 및 개편 일정 종목 및 편입비중의 정기변경은 매년 6월 KOSPI200 주가지수 선물, 옵션 동시만기일의 다음주 첫 영업일에 실시한다. 수시 변경 및 지수관리의 기본 룰은 MKF지수의 방법을 따른다...",requires_calendar,fundamental_float_adjusted,25%,,,constituent_universe|corporate_actions|dividend_data|free_float_ratio|fundamental_factors|futures_options_expiry_calendar|krx_trading_calendar|listed_shares|market_cap|ranking_inputs|stock_prices,date_resolution_missing:futures_options_expiry_calendar|date_resolution_missing:krx_trading_calendar|selection.total_constituents not extracted with evidence|status=draft_extracted|weight_cap_scope_requires_review
147970,TIGER 모멘텀,etfs/output/files/holdings_147970.parquet,2026-06-16,10953,downloaded,draft_review_required,FI00.WLT.MMT,FnGuide Momentum Index,quarterly,"1,4,7,10","종목 선정일 및 개편 일정 FnGuide Momentum Index는 매년 정기변경은 1월, 4월, 7월, 10월(연 4회) 옵션 만기일 전주 목요일을 기준으로 종목을 선정하며, 옵션 만기일 다음 주 첫 영업일...",requires_calendar,equal_weighted,,,,constituent_universe|corporate_actions|free_float_ratio|futures_options_expiry_calendar|krx_trading_calendar|listed_shares|market_cap|ranking_inputs|stock_prices|trading_value_liquidity,date_resolution_missing:futures_options_expiry_calendar|date_resolution_missing:krx_trading_calendar|selection.total_constituents not extracted with evidence|status=draft_extracted
150460,TIGER 중국소비테마,etfs/output/files/holdings_150460.parquet,2026-06-16,9408,downloaded,draft_review_required,FI00.WLT.NGF,FnGuide Golf Theme Index,semiannual,"6,12",선물옵션 만기일(D) 이후 4영업일(D+4)과 5영업일(D+5)에 정기변경을 수행합니다,requires_calendar,float_market_cap_weighted,,,,constituent_universe|corporate_actions|free_float_ratio|futures_options_expiry_calendar|keyword_source_documents|krx_trading_calendar|listed_shares|market_cap|ranking_inputs|stock_prices|trading_value_liquidity,date_resolution_missing:futures_options_expiry_calendar|date_resolution_missing:krx_trading_calendar|selection.total_constituents not extracted with evidence|status=draft_extracted
157490,TIGER 소프트웨어,etfs/output/files/holdings_157490.parquet,2026-06-16,7896,downloaded,draft_review_required,,FnGuide Sector Coverage Index Series,semiannual,"6,12",종목 선정일 및 개편 일정 화학 Index 화학 지수는 매년 6월과 12월 KOSPI200 주가지수 선물의 최종거래일이 속하는 주의 다음 주 첫 영업일에 다음을 기준으로 정기변경을 실시한다. 유가증권시장 상장종...,requires_calendar,float_market_cap_weighted,25%,,,constituent_universe|corporate_actions|fics_industry_classification|free_float_ratio|futures_options_expiry_calendar|krx_trading_calendar|listed_shares|market_cap|stock_prices,date_resolution_missing:futures_options_expiry_calendar|date_resolution_missing:krx_trading_calendar|weight_cap_scope_requires_review
157500,TIGER 증권,etfs/output/files/holdings_157500.parquet,2026-06-16,4120,downloaded,draft_review_required,,FnGuide Sector Coverage Index Series,semiannual,"6,12",종목 선정일 및 개편 일정 화학 Index 화학 지수는 매년 6월과 12월 KOSPI200 주가지수 선물의 최종거래일이 속하는 주의 다음 주 첫 영업일에 다음을 기준으로 정기변경을 실시한다. 유가증권시장 상장종...,requires_calendar,float_market_cap_weighted,25%,,,constituent_universe|corporate_actions|fics_industry_classification|free_float_ratio|futures_options_expiry_calendar|krx_trading_calendar|listed_shares|market_cap|stock_prices,date_resolution_missing:futures_options_expiry_calendar|date_resolution_missing:krx_trading_calendar|weight_cap_scope_requires_review
161510,PLUS 고배당주,etfs/output/files/holdings_161510.parquet,2026-06-16,10916,downloaded,draft_review_required,FI00.WLT.HDV,FnGuide High Dividend Stocks Index,semiannual,"6,12",5영업일째 되는,requires_calendar,unknown,,,,constituent_universe|corporate_actions|dividend_data|free_float_ratio|krx_trading_calendar|listed_shares|market_cap|ranking_inputs|stock_prices|trading_value_liquidity,date_resolution_missing:krx_trading_calendar|selection.total_constituents not extracted with evidence|status=draft_extracted
174350,TIGER 로우볼,etfs/output/files/holdings_174350.parquet,2026-06-16,14504,search_failed,missing_pdf,,,unknown,,,missing_methodology_rule,unknown,,,,constituent_universe|corporate_actions|krx_trading_calendar|listed_shares|methodology_pdf_missing|stock_prices,date_resolution_missing:krx_trading_calendar|methodology_pdf_missing
226380,ACE Fn성장소비주도주,etfs/output/files/holdings_226380.parquet,2026-06-16,18304,downloaded,draft_review_required,,FnGuide Growth and Consumption-Driven Stock Index,semiannual,"6,12","종목 선정일 및 개편 일정 FnGuide 성장소비주도 지수의 구성 종목 선정은 6월과 12월 (연 2회) KOSPI200 옵션 만기일 다음주 목요일(휴장인 경우 직전 영업일)을 기준으로 하며, 옵션만기일 다음주...",requires_calendar,equal_weighted,,,,constituent_universe|corporate_actions|fics_industry_classification|free_float_ratio|futures_options_expiry_calendar|keyword_source_documents|krx_trading_calendar|listed_shares|market_cap|ranking_inputs|stock_prices|trading_value_liquidity,date_resolution_missing:futures_options_expiry_calendar|date_resolution_missing:krx_trading_calendar
227570,TIGER 우량가치,etfs/output/files/holdings_227570.parquet,2026-06-16,18086,search_failed,missing_pdf,,,unknown,,,missing_methodology_rule,unknown,,,,constituent_universe|corporate_actions|krx_trading_calendar|listed_shares|methodology_pdf_missing|stock_prices,date_resolution_missing:krx_trading_calendar|methodology_pdf_missing
234310,RISE V&S셀렉트밸류,etfs/output/files/holdings_234310.parquet,2026-06-16,19705,downloaded,draft_review_required,FI00.WLT.SVL,FnGuide Select Value Index,unknown,"1,3,4,6,7,9,10,12",선물옵션 만기일 익주 첫,missing_methodology_rule,equal_weighted,10%,,,constituent_universe|corporate_actions|free_float_ratio|futures_options_expiry_calendar|krx_trading_calendar|listed_shares|market_cap|ranking_inputs|stock_prices|trading_value_liquidity,date_resolution_missing:futures_options_expiry_calendar|date_resolution_missing:krx_trading_calendar|rebalance_rule_missing_or_ambiguous|selection.total_constituents not extracted with evidence|status=draft_extracted|weight cap exists in rules but residual/fixed bucket scope is unresolved
241390,RISE V&S셀렉트밸류채권혼합,etfs/output/files/holdings_241390.parquet,2026-06-16,21572,downloaded,draft_review_required,FI00.MIX.03,FnGuide Select Value Balanced Index,semiannual,"5,11",e or retrieval system nor should the material be disclosed to third parties without the written authorization of FnGu...,requires_calendar,market_cap_weighted,,,,constituent_universe|corporate_actions|free_float_ratio|krx_trading_calendar|listed_shares|market_cap|stock_prices,date_resolution_missing:krx_trading_calendar|selection.total_constituents not extracted with evidence|status=draft_extracted
244580,KODEX 바이오,etfs/output/files/holdings_244580.parquet,2026-06-16,18040,downloaded,draft_review_required,,FnGuide K-Bio Balanced Index,quarterly,"5,6,11,12",선물옵션 만기일(D) 이후 2영업일째(D+2)에 정기변경을 수행합니다,requires_calendar,equal_weighted,,,,constituent_universe|corporate_actions|fics_industry_classification|free_float_ratio|futures_options_expiry_calendar|keyword_source_documents|krx_trading_calendar|listed_shares|market_cap|ranking_inputs|stock_prices|trading_value_liquidity,date_resolution_missing:futures_options_expiry_calendar|date_resolution_missing:krx_trading_calendar
244620,KODEX 모멘텀Plus,etfs/output/files/holdings_244620.parquet,2026-06-16,21374,downloaded,draft_review_required,FI00.WLT.MMT,FnGuide Momentum Index,quarterly,"1,4,7,10","종목 선정일 및 개편 일정 FnGuide Momentum Index는 매년 정기변경은 1월, 4월, 7월, 10월(연 4회) 옵션 만기일 전주 목요일을 기준으로 종목을 선정하며, 옵션 만기일 다음 주 첫 영업일...",requires_calendar,equal_weighted,,,,constituent_universe|corporate_actions|free_float_ratio|futures_options_expiry_calendar|krx_trading_calendar|listed_shares|market_cap|ranking_inputs|stock_prices|trading_value_liquidity,date_resolution_missing:futures_options_expiry_calendar|date_resolution_missing:krx_trading_calendar|selection.total_constituents not extracted with evidence|status=draft_extracted
244660,KODEX 퀄리티Plus,etfs/output/files/holdings_244660.parquet,2026-06-16,17249,downloaded,draft_review_required,FI00.WLT.QPS,FnGuide Plus Index Series,monthly,"1,2,3,4,5,6,7,8,9,10,11,12","3영업일 전에(D-3) 각 지수별 핵심지표와 보조지표를 계산하며, 계산된",requires_calendar,equal_weighted,,,,constituent_universe|corporate_actions|free_float_ratio|krx_trading_calendar|listed_shares|market_cap|ranking_inputs|stock_prices|trading_value_liquidity,date_resolution_missing:krx_trading_calendar|selection.total_constituents not extracted with evidence|status=draft_extracted
244670,KODEX 밸류Plus,etfs/output/files/holdings_244670.parquet,2026-06-16,17426,downloaded,draft_review_required,FI00.WLT.VPS,FnGuide Plus Index Series,monthly,"1,2,3,4,5,6,7,8,9,10,11,12","3영업일 전에(D-3) 각 지수별 핵심지표와 보조지표를 계산하며, 계산된",requires_calendar,equal_weighted,,,,constituent_universe|corporate_actions|free_float_ratio|krx_trading_calendar|listed_shares|market_cap|ranking_inputs|stock_prices|trading_value_liquidity,date_resolution_missing:krx_trading_calendar|selection.total_constituents not extracted with evidence|status=draft_extracted
251590,PLUS 고배당저변동50,etfs/output/files/holdings_251590.parquet,2026-06-16,18037,downloaded,draft_review_required,FI00.WLT.HDL,FnGuide High Dividend Low Volatility 50 Index,quarterly,"5,6,11,12",선물옵션 만기일(D-4)을 포함하여,requires_calendar,equal_weighted,,,,constituent_universe|corporate_actions|dividend_data|free_float_ratio|futures_options_expiry_calendar|krx_trading_calendar|listed_shares|market_cap|ranking_inputs|stock_prices|trading_value_liquidity,date_resolution_missing:futures_options_expiry_calendar|date_resolution_missing:krx_trading_calendar|selection.total_constituents not extracted with evidence|status=draft_extracted
251600,PLUS 고배당주채권혼합,etfs/output/files/holdings_251600.parquet,2026-06-16,14547,downloaded,draft_review_required,FI00.MIX.04,FnGuide High Dividend Balanced Index,semiannual,"6,12",5영업일째 되는 날(T+4)에,requires_calendar,market_cap_weighted,,,,constituent_universe|corporate_actions|dividend_data|free_float_ratio|krx_trading_calendar|listed_shares|market_cap|ranking_inputs|stock_prices|trading_value_liquidity,date_resolution_missing:krx_trading_calendar|selection.total_constituents not extracted with evidence|status=draft_extracted
253280,RISE 헬스케어,etfs/output/files/holdings_253280.parquet,2026-06-16,14900,downloaded,draft_review_required,,FnGuide Healthcare Index,semiannual,"6,12",.............. 6 3.2 기준시가총액(𝑩𝒕) 산출 방법 ..................................................................................,requires_calendar,float_market_cap_weighted,,,,constituent_universe|corporate_actions|fics_industry_classification|free_float_ratio|krx_trading_calendar|listed_shares|market_cap|stock_prices|trading_value_liquidity,date_resolution_missing:krx_trading_calendar
253290,RISE 헬스케어채권혼합,etfs/output/files/holdings_253290.parquet,2026-06-16,17012,downloaded,draft_review_required,FI00.MIX.05,FnGuide Healthcare Balanced Index,semiannual,"5,11",age or retrieval system nor should the material be disclosed to third parties without the written authorization of Fn...,requires_calendar,market_cap_weighted,,,,constituent_universe|corporate_actions|free_float_ratio|krx_trading_calendar|listed_shares|market_cap|stock_prices,date_resolution_missing:krx_trading_calendar|selection.total_constituents not extracted with evidence|status=draft_extracted
266160,RISE 고배당,etfs/output/files/holdings_266160.parquet,2026-06-16,28289,downloaded,draft_review_required,FI00.WLT.KDQ,FnGuide KQ High Dividend Focus Index,semiannual,"4,5",선물옵션 만기일 익주 두번째 영업일부터 세번째 영업일까지,requires_calendar,float_market_cap_weighted,8%,,,constituent_universe|corporate_actions|dividend_data|free_float_ratio|futures_options_expiry_calendar|krx_trading_calendar|listed_shares|market_cap|ranking_inputs|stock_prices|trading_value_liquidity,date_resolution_missing:futures_options_expiry_calendar|date_resolution_missing:krx_trading_calendar|selection.total_constituents not extracted with evidence|status=draft_extracted|weight cap exists in rules but residual/fixed bucket scope is unresolved
266550,PLUS 중형주저변동50,etfs/output/files/holdings_266550.parquet,2026-06-16,18142,downloaded,draft_review_required,FI00.WLT.HDL,FnGuide High Dividend Low Volatility 50 Index,quarterly,"5,6,11,12",선물옵션 만기일(D-4)을 포함하여,requires_calendar,equal_weighted,,,,constituent_universe|corporate_actions|dividend_data|free_float_ratio|futures_options_expiry_calendar|krx_trading_calendar|listed_shares|market_cap|ranking_inputs|stock_prices|trading_value_liquidity,date_resolution_missing:futures_options_expiry_calendar|date_resolution_missing:krx_trading_calendar|selection.total_constituents not extracted with evidence|status=draft_extracted
270800,RISE KQ고배당,etfs/output/files/holdings_270800.parquet,2026-06-16,22702,downloaded,draft_review_required,FI00.WLT.KDQ,FnGuide KQ High Dividend Focus Index,semiannual,"4,5",선물옵션 만기일 익주 두번째 영업일부터 세번째 영업일까지,requires_calendar,float_market_cap_weighted,8%,,,constituent_universe|corporate_actions|dividend_data|free_float_ratio|futures_options_expiry_calendar|krx_trading_calendar|listed_shares|market_cap|ranking_inputs|stock_prices|trading_value_liquidity,date_resolution_missing:futures_options_expiry_calendar|date_resolution_missing:krx_trading_calendar|selection.total_constituents not extracted with evidence|status=draft_extracted|weight cap exists in rules but residual/fixed bucket scope is unresolved
279530,KODEX 고배당주,etfs/output/files/holdings_279530.parquet,2026-06-16,10616,downloaded,draft_review_required,FI00.WLT.HDV,FnGuide High Dividend Stocks Index,semiannual,"6,12",5영업일째 되는,requires_calendar,unknown,,,,constituent_universe|corporate_actions|dividend_data|free_float_ratio|krx_trading_calendar|listed_shares|market_cap|ranking_inputs|stock_prices|trading_value_liquidity,date_resolution_missing:krx_trading_calendar|selection.total_constituents not extracted with evidence|status=draft_extracted
280920,PLUS 주도업종,etfs/output/files/holdings_280920.parquet,2026-06-16,10912,downloaded,draft_review_required,FI00.WLT.HCY,FnGuide Leading Industry Index,semiannual,"6,12",5영업일째 되는 날(T+4)에,requires_calendar,float_market_cap_weighted,20%,,,constituent_universe|corporate_actions|fics_industry_classification|free_float_ratio|krx_trading_calendar|listed_shares|market_cap|ranking_inputs|stock_prices,date_resolution_missing:krx_trading_calendar|selection.total_constituents not extracted with evidence|status=draft_extracted|weight_cap_scope_requires_review
281990,RISE 중소형고배당,etfs/output/files/holdings_281990.parquet,2026-06-16,25853,downloaded,draft_review_required,FI00.WLT.NDV,FnGuide K High Dividend Index,semiannual,"6,12",선물옵션 만기일(D) 이후 4영업일(D+4)과 5영업일(D+5)에 정기변경을 수행합니다,requires_calendar,custom_weighted,,,,constituent_universe|corporate_actions|custom_index_formula_inputs|dividend_data|fics_industry_classification|free_float_ratio|futures_options_expiry_calendar|krx_trading_calendar|listed_shares|market_cap|ranking_inputs|stock_prices|trading_value_liquidity,date_resolution_missing:futures_options_expiry_calendar|date_resolution_missing:krx_trading_calendar|status=draft_extracted
292150,TIGER 코리아TOP10,etfs/output/files/holdings_292150.parquet,2026-06-16,3872,downloaded,draft_review_required,FI00.WLT.T10,FnGuide Size/Style Index Series,semiannual,"6,12",선물옵션 만기일(D) 이후 2영업일째(D+2)에 정기변경을 수행합니다,requires_calendar,float_market_cap_weighted,25%,,,constituent_universe|corporate_actions|dividend_data|free_float_ratio|futures_options_expiry_calendar|krx_trading_calendar|listed_shares|market_cap|ranking_inputs|stock_prices|trading_value_liquidity,date_resolution_missing:futures_options_expiry_calendar|date_resolution_missing:krx_trading_calendar|status=draft_extracted|weight cap exists in rules but residual/fixed bucket scope is unresolved
300950,KODEX 게임산업,etfs/output/files/holdings_300950.parquet,2026-06-16,5739,downloaded,draft_review_required,,FnGuide Game Industry Index,quarterly,"5,6,11,12",선물옵션 만기일 익주 첫 번째 영업일에 정기 변경을 수행합니다,requires_calendar,float_market_cap_weighted,25%,,,constituent_universe|corporate_actions|fics_industry_classification|free_float_ratio|futures_options_expiry_calendar|krx_trading_calendar|listed_shares|market_cap|stock_prices,date_resolution_missing:futures_options_expiry_calendar|date_resolution_missing:krx_trading_calendar|weight_cap_scope_requires_review
305720,KODEX 2차전지산업,etfs/output/files/holdings_305720.parquet,2026-06-16,9160,downloaded,draft_review_required,,FnGuide Secondary Battery Industry Index,quarterly,"3,6,9,12",선물옵션 만기일 익주 첫 번째 영업일부터 세 번째 영업일까지 정기 변경을 수행합니다,requires_calendar,score_weighted,20%,,,constituent_universe|corporate_actions|free_float_ratio|futures_options_expiry_calendar|keyword_source_documents|krx_trading_calendar|listed_shares|market_cap|ranking_inputs|score_inputs|stock_prices|trading_value_liquidity,date_resolution_missing:futures_options_expiry_calendar|date_resolution_missing:krx_trading_calendar|weight_cap_scope_requires_review
307510,TIGER 의료기기,etfs/output/files/holdings_307510.parquet,2026-06-16,19726,downloaded,draft_review_required,,FnGuide Healthcare Equipment Index,quarterly,"5,6,11,12",마지막 영업일을 평가일로 하여 실시한다,requires_calendar,float_market_cap_weighted,25%,,,constituent_universe|corporate_actions|fics_industry_classification|free_float_ratio|krx_trading_calendar|listed_shares|market_cap|month_end_business_day_calendar|stock_prices|trading_value_liquidity,date_resolution_missing:krx_trading_calendar|date_resolution_missing:month_end_business_day_calendar|weight_cap_scope_requires_review
307520,TIGER 지주회사,etfs/output/files/holdings_307520.parquet,2026-06-16,10959,downloaded,draft_review_required,,FnGuide Holdings Company Index,quarterly,"1,2,7,8",2영업일 전의 종가(D-2)를 이용합니다,requires_calendar,float_market_cap_weighted,,,,constituent_universe|corporate_actions|free_float_ratio|krx_trading_calendar|listed_shares|market_cap|ranking_inputs|stock_prices|trading_value_liquidity,date_resolution_missing:krx_trading_calendar
314700,HANARO 농업융복합산업,etfs/output/files/holdings_314700.parquet,2026-06-16,7078,downloaded,draft_review_required,FI00.WLT.NAG,FnGuide Agriculture Business Industry Index,semiannual,"6,12",선물옵션 만기일(D) 이후 4영업일(D+4)과 5영업일(D+5)에 정기변경을 수행합니다,requires_calendar,float_market_cap_weighted,,,,constituent_universe|corporate_actions|free_float_ratio|futures_options_expiry_calendar|keyword_source_documents|krx_trading_calendar|listed_shares|market_cap|ranking_inputs|stock_prices|trading_value_liquidity,date_resolution_missing:futures_options_expiry_calendar|date_resolution_missing:krx_trading_calendar|status=draft_extracted
315930,KODEX Top5PlusTR,etfs/output/files/holdings_315930.parquet,2026-06-16,3872,downloaded,draft_review_required,DIV.FI00.WLT.DF5,FnGuide Defense TOP5 Index TR,semiannual,"6,12",선물옵션 만기일(D) 이후 2영업일째(D+2)에 정기변경을 수행합니다,requires_calendar,float_market_cap_weighted,23%,,,constituent_universe|corporate_actions|free_float_ratio|futures_options_expiry_calendar|keyword_source_documents|krx_trading_calendar|listed_shares|market_cap|ranking_inputs|stock_prices|trading_value_liquidity,date_resolution_missing:futures_options_expiry_calendar|date_resolution_missing:krx_trading_calendar|rules.selection_count differs from PDF total constituents|status=draft_extracted|weight_cap_scope_requires_review
322400,HANARO e커머스,etfs/output/files/holdings_322400.parquet,2026-06-16,8031,downloaded,draft_review_required,FI00.WLT.NCE,FnGuide E-Commerce Index,semiannual,"6,12",선물옵션 만기일(D) 이후 4영업일(D+4)과 5영업일(D+5)에 정기변경을 수행합니다,requires_calendar,float_market_cap_weighted,,,,constituent_universe|corporate_actions|fics_industry_classification|free_float_ratio|futures_options_expiry_calendar|keyword_source_documents|krx_trading_calendar|listed_shares|market_cap|ranking_inputs|stock_prices|trading_value_liquidity,date_resolution_missing:futures_options_expiry_calendar|date_resolution_missing:krx_trading_calendar|selection.total_constituents not extracted with evidence|status=draft_extracted
322410,HANARO K고배당,etfs/output/files/holdings_322410.parquet,2026-06-16,14432,downloaded,draft_review_required,FI00.WLT.KDQ,FnGuide KQ High Dividend Focus Index,semiannual,"4,5",선물옵션 만기일 익주 두번째 영업일부터 세번째 영업일까지,requires_calendar,float_market_cap_weighted,8%,,,constituent_universe|corporate_actions|dividend_data|free_float_ratio|futures_options_expiry_calendar|krx_trading_calendar|listed_shares|market_cap|ranking_inputs|stock_prices|trading_value_liquidity,date_resolution_missing:futures_options_expiry_calendar|date_resolution_missing:krx_trading_calendar|selection.total_constituents not extracted with evidence|status=draft_extracted|weight cap exists in rules but residual/fixed bucket scope is unresolved
325010,KODEX 성장주,etfs/output/files/holdings_325010.parquet,2026-06-16,118374,search_failed,missing_pdf,,,unknown,,,missing_methodology_rule,unknown,,,,constituent_universe|corporate_actions|krx_trading_calendar|listed_shares|methodology_pdf_missing|stock_prices,date_resolution_missing:krx_trading_calendar|methodology_pdf_missing
325020,KODEX 배당가치,etfs/output/files/holdings_325020.parquet,2026-06-16,53256,downloaded,draft_review_required,FI00.WLT.SDV,FnGuide SLV Dividend Value Index,quarterly,"5,6,11,12",선물옵션 만기일 다음주 첫 영업일(D) 에 정기변경을 수행합니다,requires_calendar,score_weighted,,,,constituent_universe|corporate_actions|dividend_data|free_float_ratio|futures_options_expiry_calendar|krx_trading_calendar|listed_shares|market_cap|ranking_inputs|score_inputs|stock_prices,date_resolution_missing:futures_options_expiry_calendar|date_resolution_missing:krx_trading_calendar|selection.total_constituents not extracted with evidence|status=draft_extracted
326230,RISE 내수주플러스,etfs/output/files/holdings_326230.parquet,2026-06-16,21524,downloaded,draft_review_required,FI00.WLT.KDS,FnGuide Domestic Consumption Plus Index,semiannual,"6,12",선물옵션 만기일 익주 첫 영업일에 정기변경을 수행합니다,requires_calendar,float_market_cap_weighted,10%,,,constituent_universe|corporate_actions|fics_industry_classification|free_float_ratio|futures_options_expiry_calendar|krx_trading_calendar|listed_shares|market_cap|ranking_inputs|stock_prices|trading_value_liquidity,date_resolution_missing:futures_options_expiry_calendar|date_resolution_missing:krx_trading_calendar|selection.total_constituents not extracted with evidence|status=draft_extracted|weight cap exists in rules but residual/fixed bucket scope is unresolved
326240,RISE IT플러스,etfs/output/files/holdings_326240.parquet,2026-06-16,40901,downloaded,draft_review_required,,FnGuide IT PLUS Index,semiannual,"6,12",선물옵션 만기일 익주 첫 영업일에 정기변경을 수행합니다,requires_calendar,float_market_cap_weighted,10%,,,constituent_universe|corporate_actions|fics_industry_classification|free_float_ratio|futures_options_expiry_calendar|krx_trading_calendar|listed_shares|market_cap|stock_prices|trading_value_liquidity,date_resolution_missing:futures_options_expiry_calendar|date_resolution_missing:krx_trading_calendar|weight_cap_scope_requires_review
329200,TIGER 리츠부동산인프라,etfs/output/files/holdings_329200.parquet,2026-06-16,6119,downloaded,draft_review_required,FI00.WLT.MRD,FnGuide REITs Real Estate Infrastructure Index,semiannual,"6,12",선물옵션 만기일(D) 이후 2영업일(D+2) 부터 6영업일(D+6)까지 5영업일간 정기,requires_calendar,market_cap_weighted,17%,,,constituent_universe|corporate_actions|dividend_data|free_float_ratio|futures_options_expiry_calendar|krx_trading_calendar|listed_shares|market_cap|ranking_inputs|stock_prices|trading_value_liquidity,date_resolution_missing:futures_options_expiry_calendar|date_resolution_missing:krx_trading_calendar|selection.total_constituents not extracted with evidence|status=draft_extracted|weight_cap_scope_requires_review
329650,KODEX TRF3070,etfs/output/files/holdings_329650.parquet,2026-06-16,9661,downloaded,draft_review_required,FI00.MIX.SG3,FnGuide TRF Index Series,unknown,,,missing_methodology_rule,unknown,,,,constituent_universe|corporate_actions|free_float_ratio|krx_trading_calendar|listed_shares|market_cap|ranking_inputs|stock_prices,date_resolution_missing:krx_trading_calendar|rebalance_rule_missing_or_ambiguous|selection.total_constituents not extracted with evidence|status=draft_extracted
329660,KODEX TRF5050,etfs/output/files/holdings_329660.parquet,2026-06-16,7783,downloaded,draft_review_required,FI00.MIX.SG5,FnGuide TRF Index Series,unknown,,,missing_methodology_rule,unknown,,,,constituent_universe|corporate_actions|free_float_ratio|krx_trading_calendar|listed_shares|market_cap|ranking_inputs|stock_prices,date_resolution_missing:krx_trading_calendar|rebalance_rule_missing_or_ambiguous|selection.total_constituents not extracted with evidence|status=draft_extracted
329670,KODEX TRF7030,etfs/output/files/holdings_329670.parquet,2026-06-16,6278,downloaded,draft_review_required,FI00.MIX.SG7,FnGuide TRF Index Series,unknown,,,missing_methodology_rule,unknown,,,,constituent_universe|corporate_actions|free_float_ratio|krx_trading_calendar|listed_shares|market_cap|ranking_inputs|stock_prices,date_resolution_missing:krx_trading_calendar|rebalance_rule_missing_or_ambiguous|selection.total_constituents not extracted with evidence|status=draft_extracted
337120,KODEX 멀티팩터,etfs/output/files/holdings_337120.parquet,2026-06-16,85466,downloaded,draft_review_required,FI00.WLT.SMF,FnGuide Multi-Factor Index,quarterly,"4,6,9,12",선물옵션 만기일 (D-2),requires_calendar,score_weighted,,,,constituent_universe|corporate_actions|free_float_ratio|futures_options_expiry_calendar|krx_trading_calendar|listed_shares|ranking_inputs|score_inputs|stock_prices,date_resolution_missing:futures_options_expiry_calendar|date_resolution_missing:krx_trading_calendar|selection.total_constituents not extracted with evidence|status=draft_extracted
367740,HANARO Fn5G산업,etfs/output/files/holdings_367740.parquet,2026-06-16,10674,downloaded,draft_review_required,FI00.WLT.NH5,FnGuide 5G Industry Index,quarterly,"5,6,11,12",선물옵션 만기일(D) 이후 4영업일(D+4)과 5영업일(D+5)에 정기변경을 수행합니다,requires_calendar,float_market_cap_weighted,,,,constituent_universe|corporate_actions|fics_industry_classification|free_float_ratio|futures_options_expiry_calendar|keyword_source_documents|krx_trading_calendar|listed_shares|market_cap|ranking_inputs|stock_prices|trading_value_liquidity,date_resolution_missing:futures_options_expiry_calendar|date_resolution_missing:krx_trading_calendar|rules.selection_count differs from PDF total constituents|status=draft_extracted
367760,RISE 네트워크인프라,etfs/output/files/holdings_367760.parquet,2026-06-16,8960,downloaded,draft_review_required,FI00.WLT.KB5,FnGuide Network Infrastructure Index,semiannual,"6,12",선물옵션 만기일 익주 첫 영업일에 정기변경을 수행합니다,requires_calendar,float_market_cap_weighted,20%,,,constituent_universe|corporate_actions|free_float_ratio|futures_options_expiry_calendar|keyword_source_documents|krx_trading_calendar|listed_shares|market_cap|ranking_inputs|stock_prices,date_resolution_missing:futures_options_expiry_calendar|date_resolution_missing:krx_trading_calendar|selection.total_constituents not extracted with evidence|status=draft_extracted|weight_cap_scope_requires_review
367770,RISE 수소경제테마,etfs/output/files/holdings_367770.parquet,2026-06-16,13013,downloaded,draft_review_required,FI00.WLT.NGF,FnGuide Golf Theme Index,semiannual,"6,12",선물옵션 만기일(D) 이후 4영업일(D+4)과 5영업일(D+5)에 정기변경을 수행합니다,requires_calendar,float_market_cap_weighted,,,,constituent_universe|corporate_actions|free_float_ratio|futures_options_expiry_calendar|keyword_source_documents|krx_trading_calendar|listed_shares|market_cap|ranking_inputs|stock_prices|trading_value_liquidity,date_resolution_missing:futures_options_expiry_calendar|date_resolution_missing:krx_trading_calendar|selection.total_constituents not extracted with evidence|status=draft_extracted
368190,HANARO Fn K-뉴딜디지털플러스,etfs/output/files/holdings_368190.parquet,2026-06-16,7331,downloaded,draft_review_required,FI00.WLT.SND,FnGuide K-NewDeal Digital Plus Index,semiannual,"6,12",선물옵션 만기일 (FnGuide 2차전지,requires_calendar,float_market_cap_weighted,,,,constituent_universe|corporate_actions|fics_industry_classification|free_float_ratio|futures_options_expiry_calendar|krx_trading_calendar|listed_shares|market_cap|ranking_inputs|stock_prices|trading_value_liquidity,date_resolution_missing:futures_options_expiry_calendar|date_resolution_missing:krx_trading_calendar|selection.total_constituents not extracted with evidence|status=draft_extracted
368680,KODEX K-뉴딜디지털플러스,etfs/output/files/holdings_368680.parquet,2026-06-16,7331,downloaded,draft_review_required,FI00.WLT.SND,FnGuide K-NewDeal Digital Plus Index,semiannual,"6,12",선물옵션 만기일 (FnGuide 2차전지,requires_calendar,float_market_cap_weighted,,,,constituent_universe|corporate_actions|fics_industry_classification|free_float_ratio|futures_options_expiry_calendar|krx_trading_calendar|listed_shares|market_cap|ranking_inputs|stock_prices|trading_value_liquidity,date_resolution_missing:futures_options_expiry_calendar|date_resolution_missing:krx_trading_calendar|selection.total_constituents not extracted with evidence|status=draft_extracted
373490,KODEX 코리아혁신성장액티브,etfs/output/files/holdings_373490.parquet,2026-06-16,19885,downloaded,draft_review_required,FI00.WLT.KRD,FnGuide KOREA High Dividend,semiannual,"5,11",선물옵션 만기일(D) 이후 2영업일째(D+2)에 정기변경을 수행합니다,requires_calendar,float_market_cap_weighted,5%,,,constituent_universe|corporate_actions|dividend_data|free_float_ratio|futures_options_expiry_calendar|krx_trading_calendar|listed_shares|market_cap|ranking_inputs|stock_prices|trading_value_liquidity,date_resolution_missing:futures_options_expiry_calendar|date_resolution_missing:krx_trading_calendar|selection.total_constituents not extracted with evidence|status=draft_extracted|weight cap exists in rules but residual/fixed bucket scope is unresolved
377990,TIGER Fn신재생에너지,etfs/output/files/holdings_377990.parquet,2026-06-16,8241,downloaded,draft_review_required,,FnGuide K-Renewable Energy Plus Index,semiannual,"6,12",선물옵션 만기일(D) 이후 2영업일째(D+2)에 정기변경을 수행합니다,requires_calendar,custom_weighted,,,,constituent_universe|corporate_actions|custom_index_formula_inputs|fics_industry_classification|free_float_ratio|futures_options_expiry_calendar|keyword_source_documents|krx_trading_calendar|listed_shares|market_cap|stock_prices|trading_value_liquidity,date_resolution_missing:futures_options_expiry_calendar|date_resolution_missing:krx_trading_calendar
380340,ACE 코리아AI테크핵심산업,etfs/output/files/holdings_380340.parquet,2026-06-16,9150,downloaded,draft_review_required,,FnGuide Korea AI Tech Core Industry Index,semiannual,"6,12",선물옵션 만기일(D) 이후 2영업일째(D+2)에 정기변경을 수행합니다,requires_calendar,float_market_cap_weighted,20%,,,constituent_universe|corporate_actions|fics_industry_classification|free_float_ratio|futures_options_expiry_calendar|keyword_source_documents|krx_trading_calendar|listed_shares|market_cap|ranking_inputs|stock_prices|trading_value_liquidity,date_resolution_missing:futures_options_expiry_calendar|date_resolution_missing:krx_trading_calendar|weight_cap_scope_requires_review
381560,HANARO Fn전기&수소차,etfs/output/files/holdings_381560.parquet,2026-06-16,10914,downloaded,draft_review_required,FI00.WLT.NHV,FnGuide Electric & Hydrogen Vehicle Index,semiannual,"6,12",선물옵션 만기일(D) 이후 4영업일(D+4)과 5영업일(D+5)에 정기변경을 수행합니다,requires_calendar,float_market_cap_weighted,,,,constituent_universe|corporate_actions|fics_industry_classification|free_float_ratio|futures_options_expiry_calendar|keyword_source_documents|krx_trading_calendar|listed_shares|market_cap|ranking_inputs|stock_prices|trading_value_liquidity,date_resolution_missing:futures_options_expiry_calendar|date_resolution_missing:krx_trading_calendar|rules.selection_count differs from PDF total constituents|status=draft_extracted
381570,HANARO Fn친환경에너지,etfs/output/files/holdings_381570.parquet,2026-06-16,7395,downloaded,draft_review_required,,FnGuide Green Energy Index,semiannual,"6,12",선물옵션 만기일(D) 이후 4영업일(D+4)과 5영업일(D+5)에 정기변경을 수행합니다,requires_calendar,float_market_cap_weighted,,,,constituent_universe|corporate_actions|free_float_ratio|futures_options_expiry_calendar|keyword_source_documents|krx_trading_calendar|listed_shares|market_cap|ranking_inputs|stock_prices|trading_value_liquidity,date_resolution_missing:futures_options_expiry_calendar|date_resolution_missing:krx_trading_calendar
385510,KODEX 신재생에너지액티브,etfs/output/files/holdings_385510.parquet,2026-06-16,21223,downloaded,draft_review_required,,FnGuide K-Renewable Energy Plus Index,semiannual,"6,12",선물옵션 만기일(D) 이후 2영업일째(D+2)에 정기변경을 수행합니다,requires_calendar,custom_weighted,,,,constituent_universe|corporate_actions|custom_index_formula_inputs|fics_industry_classification|free_float_ratio|futures_options_expiry_calendar|keyword_source_documents|krx_trading_calendar|listed_shares|market_cap|stock_prices|trading_value_liquidity,date_resolution_missing:futures_options_expiry_calendar|date_resolution_missing:krx_trading_calendar
385520,KODEX 자율주행액티브,etfs/output/files/holdings_385520.parquet,2026-06-16,14476,search_failed,missing_pdf,,,unknown,,,missing_methodology_rule,unknown,,,,constituent_universe|corporate_actions|krx_trading_calendar|listed_shares|methodology_pdf_missing|stock_prices,date_resolution_missing:krx_trading_calendar|methodology_pdf_missing
385600,ACE 2차전지&친환경차액티브,etfs/output/files/holdings_385600.parquet,2026-06-16,15393,downloaded,draft_review_required,,FnGuide Secondary Battery Industry Index,quarterly,"3,6,9,12",선물옵션 만기일 익주 첫 번째 영업일부터 세 번째 영업일까지 정기 변경을 수행합니다,requires_calendar,score_weighted,20%,,,constituent_universe|corporate_actions|free_float_ratio|futures_options_expiry_calendar|keyword_source_documents|krx_trading_calendar|listed_shares|market_cap|ranking_inputs|score_inputs|stock_prices|trading_value_liquidity,date_resolution_missing:futures_options_expiry_calendar|date_resolution_missing:krx_trading_calendar|weight_cap_scope_requires_review
387280,TIGER 퓨처모빌리티액티브,etfs/output/files/holdings_387280.parquet,2026-06-16,11731,downloaded,draft_review_required,,FnGuide Fuel Cell Electric Future Mobility Index,semiannual,"6,12",선물옵션 만기일 익주 첫 영업일에 정기변경을 수행합니다,requires_calendar,float_market_cap_weighted,,,,constituent_universe|corporate_actions|free_float_ratio|futures_options_expiry_calendar|keyword_source_documents|krx_trading_calendar|listed_shares|market_cap|ranking_inputs|stock_prices,date_resolution_missing:futures_options_expiry_calendar|date_resolution_missing:krx_trading_calendar
388280,RISE K엔터&여행레저,etfs/output/files/holdings_388280.parquet,2026-06-16,9259,downloaded,draft_review_required,,FnGuide K-Entertainment & Travel Leisure Index,semiannual,"6,12",선물옵션 만기일 익주 첫 영업일에 정기변경을 수행합니다,requires_calendar,float_market_cap_weighted,10%,,,constituent_universe|corporate_actions|fics_industry_classification|free_float_ratio|futures_options_expiry_calendar|krx_trading_calendar|listed_shares|market_cap|stock_prices|trading_value_liquidity,date_resolution_missing:futures_options_expiry_calendar|date_resolution_missing:krx_trading_calendar|weight_cap_scope_requires_review
395150,KODEX 웹툰&드라마,etfs/output/files/holdings_395150.parquet,2026-06-16,6916,downloaded,draft_review_required,FI00.WLT.SWT,FnGuide Webtoon and Drama Index,semiannual,"6,12",선물옵션 만기일 익주 첫 영업일에 정기변경을 수행합니다,requires_calendar,float_market_cap_weighted,15%,,,constituent_universe|corporate_actions|fics_industry_classification|free_float_ratio|futures_options_expiry_calendar|keyword_source_documents|krx_trading_calendar|listed_shares|market_cap|stock_prices|trading_value_liquidity,date_resolution_missing:futures_options_expiry_calendar|date_resolution_missing:krx_trading_calendar|selection.total_constituents not extracted with evidence|status=draft_extracted|weight_cap_scope_requires_review
395160,KODEX AI반도체TOP2플러스,etfs/output/files/holdings_395160.parquet,2026-06-16,7849,downloaded,draft_review_required,,FnGuide AI Semiconductor TOP2 Plus Index,quarterly,"1,4,7,10",2영업일째(D+2)에 정기변경을 수행합니다,requires_calendar,float_market_cap_weighted,15%,,,constituent_universe|corporate_actions|fics_industry_classification|free_float_ratio|keyword_source_documents|krx_trading_calendar|listed_shares|market_cap|ranking_inputs|stock_prices|trading_value_liquidity,date_resolution_missing:krx_trading_calendar|weight_cap_scope_requires_review
395170,KODEX Top10동일가중,etfs/output/files/holdings_395170.parquet,2026-06-16,3870,downloaded,draft_review_required,FI00.WLT.T10,FnGuide Size/Style Index Series,semiannual,"6,12",선물옵션 만기일(D) 이후 2영업일째(D+2)에 정기변경을 수행합니다,requires_calendar,float_market_cap_weighted,25%,,,constituent_universe|corporate_actions|dividend_data|free_float_ratio|futures_options_expiry_calendar|krx_trading_calendar|listed_shares|market_cap|ranking_inputs|stock_prices|trading_value_liquidity,date_resolution_missing:futures_options_expiry_calendar|date_resolution_missing:krx_trading_calendar|status=draft_extracted|weight cap exists in rules but residual/fixed bucket scope is unresolved
395270,HANARO Fn K-반도체,etfs/output/files/holdings_395270.parquet,2026-06-16,7385,downloaded,draft_review_required,,FnGuide AI Semiconductor TOP3 Plus Price Return Index,quarterly,"3,6,9,12",선물옵션 만기일(D) 이후 2영업일째(D+2)에 정기 개편을 수행합니다,requires_calendar,equal_weighted,,,,constituent_universe|corporate_actions|fics_industry_classification|free_float_ratio|futures_options_expiry_calendar|keyword_source_documents|krx_trading_calendar|listed_shares|market_cap|ranking_inputs|stock_prices|trading_value_liquidity,date_resolution_missing:futures_options_expiry_calendar|date_resolution_missing:krx_trading_calendar
395280,HANARO Fn K-게임,etfs/output/files/holdings_395280.parquet,2026-06-16,6098,downloaded,draft_review_required,,FnGuide K-Game Index,semiannual,"6,12",선물옵션 만기일(D) 이후 4영업일(D+4)과 5영업일(D+5)에 정기변경을 수행합니다,requires_calendar,float_market_cap_weighted,,,,constituent_universe|corporate_actions|fics_industry_classification|free_float_ratio|futures_options_expiry_calendar|keyword_source_documents|krx_trading_calendar|listed_shares|market_cap|ranking_inputs|stock_prices|trading_value_liquidity,date_resolution_missing:futures_options_expiry_calendar|date_resolution_missing:krx_trading_calendar
395290,HANARO Fn K-POP&미디어,etfs/output/files/holdings_395290.parquet,2026-06-16,5405,downloaded,draft_review_required,,FnGuide K-POP & Media Index,semiannual,"6,12",선물옵션 만기일(D) 이후 4영업일(D+4)과 5영업일(D+5)에 정기변경을 수행합니다,requires_calendar,float_market_cap_weighted,,,,constituent_universe|corporate_actions|fics_industry_classification|free_float_ratio|futures_options_expiry_calendar|keyword_source_documents|krx_trading_calendar|listed_shares|market_cap|ranking_inputs|stock_prices|trading_value_liquidity,date_resolution_missing:futures_options_expiry_calendar|date_resolution_missing:krx_trading_calendar
395750,PLUS ESG가치주액티브,etfs/output/files/holdings_395750.parquet,2026-06-16,89352,downloaded,draft_review_required,FI00.ESG.ESG,FnGuide ESGM ESG 지수,annual,5,"마지막 영업일 기준이며, 리밸런싱은",requires_calendar,market_cap_weighted,10%,,,constituent_universe|corporate_actions|dividend_data|free_float_ratio|krx_trading_calendar|listed_shares|market_cap|month_end_business_day_calendar|ranking_inputs|stock_prices|trading_value_liquidity,date_resolution_missing:krx_trading_calendar|date_resolution_missing:month_end_business_day_calendar|selection.total_constituents not extracted with evidence|status=draft_extracted|weight_cap_scope_requires_review
395760,PLUS ESG성장주액티브,etfs/output/files/holdings_395760.parquet,2026-06-16,78053,downloaded,draft_review_required,FI00.ESG.ESG,FnGuide ESGM ESG 지수,annual,5,"마지막 영업일 기준이며, 리밸런싱은",requires_calendar,market_cap_weighted,10%,,,constituent_universe|corporate_actions|dividend_data|free_float_ratio|krx_trading_calendar|listed_shares|market_cap|month_end_business_day_calendar|ranking_inputs|stock_prices|trading_value_liquidity,date_resolution_missing:krx_trading_calendar|date_resolution_missing:month_end_business_day_calendar|selection.total_constituents not extracted with evidence|status=draft_extracted|weight_cap_scope_requires_review
396500,TIGER 반도체TOP10,etfs/output/files/holdings_396500.parquet,2026-06-16,3861,downloaded,draft_review_required,,FnGuide AI Semiconductor TOP10 Index,quarterly,"1,4,7,10",선물옵션 만기일(D) 이후 2영업일째(D+2)에 정기변경을 수행합니다,requires_calendar,float_market_cap_weighted,15%,,,constituent_universe|corporate_actions|fics_industry_classification|free_float_ratio|futures_options_expiry_calendar|keyword_source_documents|krx_trading_calendar|listed_shares|market_cap|ranking_inputs|stock_prices|trading_value_liquidity,date_resolution_missing:futures_options_expiry_calendar|date_resolution_missing:krx_trading_calendar|weight_cap_scope_requires_review
400970,TIGER Fn메타버스,etfs/output/files/holdings_400970.parquet,2026-06-16,7392,downloaded,draft_review_required,FI00.WLT.NMV,FnGuide K-Metaverse MZ Index,semiannual,"6,12",선물옵션 만기일(D) 이후 4영업일(D+4)과 5영업일(D+5)에 정기변경을 수행합니다,requires_calendar,float_market_cap_weighted,,,,constituent_universe|corporate_actions|fics_industry_classification|free_float_ratio|futures_options_expiry_calendar|keyword_source_documents|krx_trading_calendar|listed_shares|market_cap|ranking_inputs|stock_prices|trading_value_liquidity,date_resolution_missing:futures_options_expiry_calendar|date_resolution_missing:krx_trading_calendar|status=draft_extracted
401470,KODEX 메타버스액티브,etfs/output/files/holdings_401470.parquet,2026-06-16,10586,downloaded,draft_review_required,FI00.WLT.NMV,FnGuide K-Metaverse MZ Index,semiannual,"6,12",선물옵션 만기일(D) 이후 4영업일(D+4)과 5영업일(D+5)에 정기변경을 수행합니다,requires_calendar,float_market_cap_weighted,,,,constituent_universe|corporate_actions|fics_industry_classification|free_float_ratio|futures_options_expiry_calendar|keyword_source_documents|krx_trading_calendar|listed_shares|market_cap|ranking_inputs|stock_prices|trading_value_liquidity,date_resolution_missing:futures_options_expiry_calendar|date_resolution_missing:krx_trading_calendar|status=draft_extracted
402460,HANARO Fn K-메타버스MZ,etfs/output/files/holdings_402460.parquet,2026-06-16,10917,downloaded,draft_review_required,FI00.WLT.NMV,FnGuide K-Metaverse MZ Index,semiannual,"6,12",선물옵션 만기일(D) 이후 4영업일(D+4)과 5영업일(D+5)에 정기변경을 수행합니다,requires_calendar,float_market_cap_weighted,,,,constituent_universe|corporate_actions|fics_industry_classification|free_float_ratio|futures_options_expiry_calendar|keyword_source_documents|krx_trading_calendar|listed_shares|market_cap|ranking_inputs|stock_prices|trading_value_liquidity,date_resolution_missing:futures_options_expiry_calendar|date_resolution_missing:krx_trading_calendar|status=draft_extracted
407300,HANARO Fn골프테마,etfs/output/files/holdings_407300.parquet,2026-06-16,7267,downloaded,draft_review_required,FI00.WLT.NGF,FnGuide Golf Theme Index,semiannual,"6,12",선물옵션 만기일(D) 이후 4영업일(D+4)과 5영업일(D+5)에 정기변경을 수행합니다,requires_calendar,float_market_cap_weighted,,,,constituent_universe|corporate_actions|free_float_ratio|futures_options_expiry_calendar|keyword_source_documents|krx_trading_calendar|listed_shares|market_cap|ranking_inputs|stock_prices|trading_value_liquidity,date_resolution_missing:futures_options_expiry_calendar|date_resolution_missing:krx_trading_calendar|selection.total_constituents not extracted with evidence|status=draft_extracted
407820,에셋플러스 코리아플랫폼액티브,etfs/output/files/holdings_407820.parquet,2026-06-16,9149,downloaded,draft_review_required,FI00.WLT.KPC,FnGuide AI Platform Index,semiannual,"6,12",선물옵션 만기일 익주 첫 영업일에 정기변경을 수행합니다,requires_calendar,float_market_cap_weighted,8%,,,constituent_universe|corporate_actions|free_float_ratio|futures_options_expiry_calendar|keyword_source_documents|krx_trading_calendar|listed_shares|market_cap|ranking_inputs|stock_prices|trading_value_liquidity,date_resolution_missing:futures_options_expiry_calendar|date_resolution_missing:krx_trading_calendar|selection.total_constituents not extracted with evidence|status=draft_extracted|weight_cap_scope_requires_review
410870,TIME K컬처액티브,etfs/output/files/holdings_410870.parquet,2026-06-16,9327,downloaded,draft_review_required,FI00.WLT.TKC,FnGuide K-Culture Index,semiannual,"6,12",선물옵션 만기일 익주 첫 영업일에 정기변경을 수행합니다,requires_calendar,equal_weighted,,,,constituent_universe|corporate_actions|fics_industry_classification|free_float_ratio|futures_options_expiry_calendar|keyword_source_documents|krx_trading_calendar|listed_shares|market_cap|ranking_inputs|stock_prices,date_resolution_missing:futures_options_expiry_calendar|date_resolution_missing:krx_trading_calendar|rules.selection_count differs from PDF total constituents|status=draft_extracted
422260,VITA MZ소비액티브,etfs/output/files/holdings_422260.parquet,2026-06-16,7080,downloaded,draft_review_required,,FnGuide MZ Consumption Index,quarterly,"5,6,11,12",선물옵션 만기일 익주 첫 영업일에 정기변경을 수행합니다,requires_calendar,equal_weighted,,,,constituent_universe|corporate_actions|free_float_ratio|futures_options_expiry_calendar|keyword_source_documents|krx_trading_calendar|listed_shares|ranking_inputs|stock_prices,date_resolution_missing:futures_options_expiry_calendar|date_resolution_missing:krx_trading_calendar
427120,RISE AI플랫폼,etfs/output/files/holdings_427120.parquet,2026-06-16,7469,downloaded,draft_review_required,,FnGuide AI Platform Index,semiannual,"6,12",선물옵션 만기일 익주 첫 영업일에 정기변경을 수행합니다,requires_calendar,float_market_cap_weighted,8%,,,constituent_universe|corporate_actions|free_float_ratio|futures_options_expiry_calendar|keyword_source_documents|krx_trading_calendar|listed_shares|market_cap|ranking_inputs|stock_prices|trading_value_liquidity,date_resolution_missing:futures_options_expiry_calendar|date_resolution_missing:krx_trading_calendar|weight_cap_scope_requires_review
429740,PLUS K리츠,etfs/output/files/holdings_429740.parquet,2026-06-16,5371,downloaded,draft_review_required,FI00.WLT.HHR,FnGuide REITs Index,quarterly,"5,6,11,12",선물옵션 만기일(D)의 종가를 이용합니다,requires_calendar,equal_weighted,35%,,,constituent_universe|corporate_actions|free_float_ratio|futures_options_expiry_calendar|krx_trading_calendar|listed_shares|market_cap|stock_prices|trading_value_liquidity,date_resolution_missing:futures_options_expiry_calendar|date_resolution_missing:krx_trading_calendar|selection.total_constituents not extracted with evidence|status=draft_extracted|weight_cap_scope_requires_review
435420,TIGER 미국나스닥100채권혼합50,etfs/output/files/holdings_435420.parquet,2026-06-16,38005,downloaded,draft_review_required,FI00.MIX.NDX,FnGuide Nasdaq100 Balanced 50 Index,unknown,,개편 일정 FnGuide 나스닥100 채권혼합50 지수는 하위 지수인 NASDAQ100(TR) 지수와 KIS 국채 3- 10년(총수익) 지수의 비중이 5:5이 되도록 구성합니다. 하위 지수의 편입비중은 매일 동...,missing_methodology_rule,unknown,,,,constituent_universe|corporate_actions|krx_trading_calendar|listed_shares|stock_prices,date_resolution_missing:krx_trading_calendar|rebalance_rule_missing_or_ambiguous|selection.total_constituents not extracted with evidence|status=draft_extracted
438900,HANARO Fn K-푸드,etfs/output/files/holdings_438900.parquet,2026-06-16,6955,downloaded,draft_review_required,FI00.WLT.NKF,FnGuide K-Food Index,quarterly,"5,6,11,12",선물옵션 만기일(D) 이후 4영업일(D+4)과 5영업일(D+5)에 정기변경을 수행합니다,requires_calendar,float_market_cap_weighted,,,,constituent_universe|corporate_actions|fics_industry_classification|free_float_ratio|futures_options_expiry_calendar|keyword_source_documents|krx_trading_calendar|listed_shares|market_cap|ranking_inputs|stock_prices|trading_value_liquidity,date_resolution_missing:futures_options_expiry_calendar|date_resolution_missing:krx_trading_calendar|selection.total_constituents not extracted with evidence|status=draft_extracted
441540,HANARO Fn조선해운,etfs/output/files/holdings_441540.parquet,2026-06-16,5870,downloaded,draft_review_required,,FnGuide Shipbuilding & Shipping Industry Index,quarterly,"5,6,11,12",선물옵션 만기일(D) 이후 4영업일(D+4)과 5영업일(D+5)에 정기변경을 수행합니다,requires_calendar,float_market_cap_weighted,,,,constituent_universe|corporate_actions|fics_industry_classification|free_float_ratio|futures_options_expiry_calendar|krx_trading_calendar|listed_shares|market_cap|ranking_inputs|stock_prices|trading_value_liquidity,date_resolution_missing:futures_options_expiry_calendar|date_resolution_missing:krx_trading_calendar
442090,에셋플러스 코리아대장장이액티브,etfs/output/files/holdings_442090.parquet,2026-06-16,11034,downloaded,draft_review_required,FI00.WLT.ABS,FnGuide Blacksmith Index,semiannual,"6,12",선물옵션 만기일 익주 첫 영업일에 정기변경을 수행합니다,requires_calendar,float_market_cap_weighted,9%,,,constituent_universe|corporate_actions|free_float_ratio|futures_options_expiry_calendar|keyword_source_documents|krx_trading_calendar|listed_shares|market_cap|ranking_inputs|stock_prices|trading_value_liquidity,date_resolution_missing:futures_options_expiry_calendar|date_resolution_missing:krx_trading_calendar|selection.total_constituents not extracted with evidence|status=draft_extracted|weight_cap_scope_requires_review
445150,KODEX 친환경조선해운액티브,etfs/output/files/holdings_445150.parquet,2026-06-16,8485,downloaded,draft_review_required,,FnGuide Shipbuilding & Shipping Industry Index,quarterly,"5,6,11,12",선물옵션 만기일(D) 이후 4영업일(D+4)과 5영업일(D+5)에 정기변경을 수행합니다,requires_calendar,float_market_cap_weighted,,,,constituent_universe|corporate_actions|fics_industry_classification|free_float_ratio|futures_options_expiry_calendar|krx_trading_calendar|listed_shares|market_cap|ranking_inputs|stock_prices|trading_value_liquidity,date_resolution_missing:futures_options_expiry_calendar|date_resolution_missing:krx_trading_calendar
445690,BNK 주주가치액티브,etfs/output/files/holdings_445690.parquet,2026-06-16,18256,downloaded,draft_review_required,FI00.WLT.KAV,FnGuide K-Shareholder Value Index,semiannual,"5,11",선물옵션 만기일(D) 이후 2영업일째(D+2)에 정기변경을 수행합니다,requires_calendar,custom_weighted,5%,,,constituent_universe|corporate_actions|custom_index_formula_inputs|fics_industry_classification|free_float_ratio|futures_options_expiry_calendar|krx_trading_calendar|listed_shares|market_cap|stock_prices|trading_value_liquidity,date_resolution_missing:futures_options_expiry_calendar|date_resolution_missing:krx_trading_calendar|selection.total_constituents not extracted with evidence|status=draft_extracted|weight_cap_scope_requires_review
447430,ACE 주주환원가치주액티브,etfs/output/files/holdings_447430.parquet,2026-06-16,11926,downloaded,draft_review_required,FI00.WLT.VAL,FnGuide Korea All-round Value Index,quarterly,"3,6,9,12",선물옵션 만기일(D)을 기준으로 2영업일째(D+2)에 정기변경을 수행합니다,requires_calendar,equal_weighted,,,,constituent_universe|corporate_actions|free_float_ratio|futures_options_expiry_calendar|krx_trading_calendar|listed_shares|market_cap|ranking_inputs|stock_prices|trading_value_liquidity,date_resolution_missing:futures_options_expiry_calendar|date_resolution_missing:krx_trading_calendar|status=draft_extracted
447660,PLUS 애플채권혼합,etfs/output/files/holdings_447660.parquet,2026-06-16,4308,downloaded,draft_review_required,FI00.MIX.HAP,FnGuide APPLE Balanced Index,unknown,,개편 일정 FnGuide 애플채권혼합지수는 애플 단일 종목과 KIS 3년국채선물추종지수를 매일 동일한 3:7 비중으 로 조정하는 Constant Mix 방식을 적용합니다. 2.3 애플 종목변동 시 이벤트 적용...,missing_methodology_rule,unknown,,,,constituent_universe|corporate_actions|futures_options_expiry_calendar|krx_trading_calendar|listed_shares|stock_prices,date_resolution_missing:futures_options_expiry_calendar|date_resolution_missing:krx_trading_calendar|rebalance_rule_missing_or_ambiguous|selection.total_constituents not extracted with evidence|status=draft_extracted
447770,TIGER 테슬라채권혼합Fn,etfs/output/files/holdings_447770.parquet,2026-06-16,3130,downloaded,draft_review_required,FI00.MIX.TBI,FnGuide Tesla Balanced Index,unknown,,,missing_methodology_rule,unknown,,,,constituent_universe|corporate_actions|krx_trading_calendar|listed_shares|stock_prices,date_resolution_missing:krx_trading_calendar|rebalance_rule_missing_or_ambiguous|selection.total_constituents not extracted with evidence|status=draft_extracted
449450,PLUS K방산,etfs/output/files/holdings_449450.parquet,2026-06-16,3872,downloaded,draft_review_required,DIV.FI00.WLT.DF5,FnGuide Defense TOP5 Index TR,semiannual,"6,12",선물옵션 만기일(D) 이후 2영업일째(D+2)에 정기변경을 수행합니다,requires_calendar,float_market_cap_weighted,23%,,,constituent_universe|corporate_actions|free_float_ratio|futures_options_expiry_calendar|keyword_source_documents|krx_trading_calendar|listed_shares|market_cap|ranking_inputs|stock_prices|trading_value_liquidity,date_resolution_missing:futures_options_expiry_calendar|date_resolution_missing:krx_trading_calendar|rules.selection_count differs from PDF total constituents|status=draft_extracted|weight_cap_scope_requires_review
455850,SOL AI반도체소부장,etfs/output/files/holdings_455850.parquet,2026-06-16,7381,downloaded,draft_review_required,,FnGuide AI Semiconductor Materials & Equipment Index,semiannual,"6,12",선물옵션 만기일(D) 이후 2영업일째(D+2)에 정기변경을 수행합니다,requires_calendar,float_market_cap_weighted,20%,,,constituent_universe|corporate_actions|fics_industry_classification|free_float_ratio|futures_options_expiry_calendar|keyword_source_documents|krx_trading_calendar|listed_shares|market_cap|ranking_inputs|stock_prices|trading_value_liquidity,date_resolution_missing:futures_options_expiry_calendar|date_resolution_missing:krx_trading_calendar|weight_cap_scope_requires_review
455860,SOL 2차전지소부장Fn,etfs/output/files/holdings_455860.parquet,2026-06-16,7392,downloaded,draft_review_required,,FnGuide Secondary Battery Materials & Equipment Index,semiannual,"6,12",선물옵션 만기일(D) 이후 2영업일째(D+2)에 정기변경을 수행합니다,requires_calendar,float_market_cap_weighted,20%,,,constituent_universe|corporate_actions|fics_industry_classification|free_float_ratio|futures_options_expiry_calendar|keyword_source_documents|krx_trading_calendar|listed_shares|market_cap|ranking_inputs|stock_prices|trading_value_liquidity,date_resolution_missing:futures_options_expiry_calendar|date_resolution_missing:krx_trading_calendar|weight_cap_scope_requires_review
457990,PLUS 태양광&ESS,etfs/output/files/holdings_457990.parquet,2026-06-16,3874,downloaded,draft_review_required,FI00.WLT.HSI,FnGuide Solar & ESS Index,semiannual,"6,12",선물옵션 만기일(D)를 기준으로 2영업일 째(D+2)부터 2영업일에 걸쳐 정기 변경을,requires_calendar,float_market_cap_weighted,,,,constituent_universe|corporate_actions|free_float_ratio|futures_options_expiry_calendar|keyword_source_documents|krx_trading_calendar|listed_shares|market_cap|ranking_inputs|stock_prices|trading_value_liquidity,date_resolution_missing:futures_options_expiry_calendar|date_resolution_missing:krx_trading_calendar|rules.selection_count differs from PDF total constituents|status=draft_extracted
458210,KIWOOM CD금리액티브(합성),etfs/output/files/holdings_458210.parquet,2026-06-16,1449,downloaded,draft_review_required,FBI.CD.01,FnGuide CD Interest Rates Index,annual,1,,requires_calendar,unknown,,,,constituent_universe|corporate_actions|krx_trading_calendar|listed_shares|stock_prices,date_resolution_missing:krx_trading_calendar|selection.total_constituents not extracted with evidence|status=draft_extracted
461950,KODEX 2차전지핵심소재10,etfs/output/files/holdings_461950.parquet,2026-06-16,3872,downloaded,draft_review_required,,FnGuide Secondary Battery Core Materials 10 Index,quarterly,"1,4,7,10",3 영업일 전(D)을 기준으로 합니다,requires_calendar,score_weighted,20%,,,constituent_universe|corporate_actions|free_float_ratio|keyword_source_documents|krx_trading_calendar|listed_shares|market_cap|ranking_inputs|score_inputs|stock_prices|trading_value_liquidity,date_resolution_missing:krx_trading_calendar|weight_cap_scope_requires_review
462010,TIGER 2차전지소재Fn,etfs/output/files/holdings_462010.parquet,2026-06-16,6664,downloaded,draft_review_required,,FnGuide Secondary Battery Material Index,quarterly,"1,4,7,10",2영업일 째(D+2)에 2영업일에 걸쳐 정기 변경을 수행합니,requires_calendar,float_market_cap_weighted,,,,constituent_universe|corporate_actions|free_float_ratio|keyword_source_documents|krx_trading_calendar|listed_shares|market_cap|ranking_inputs|stock_prices|trading_value_liquidity,date_resolution_missing:krx_trading_calendar
462330,KODEX 2차전지산업레버리지,etfs/output/files/holdings_462330.parquet,2026-06-16,14441,downloaded,draft_review_required,FI00.WLT.L05,FnGuide Secondary Battery Industry Leverage Index TR,semiannual,"5,11",storage or retrieval system nor should the material be disclosed to third parties without the written authorization o...,requires_calendar,market_cap_weighted,,,,constituent_universe|corporate_actions|free_float_ratio|krx_trading_calendar|listed_shares|market_cap|stock_prices,date_resolution_missing:krx_trading_calendar|selection.total_constituents not extracted with evidence|status=draft_extracted
464600,SOL 자동차소부장Fn,etfs/output/files/holdings_464600.parquet,2026-06-16,7392,downloaded,draft_review_required,,FnGuide Automobile Materials & Equipment Index,semiannual,"6,12",선물옵션 만기일(D) 이후 2영업일째(D+2)에 정기변경을 수행합니다,requires_calendar,float_market_cap_weighted,10%,,,constituent_universe|corporate_actions|fics_industry_classification|free_float_ratio|futures_options_expiry_calendar|keyword_source_documents|krx_trading_calendar|listed_shares|market_cap|ranking_inputs|stock_prices|trading_value_liquidity,date_resolution_missing:futures_options_expiry_calendar|date_resolution_missing:krx_trading_calendar|weight_cap_scope_requires_review
464610,SOL 의료기기소부장Fn,etfs/output/files/holdings_464610.parquet,2026-06-16,4852,downloaded,draft_review_required,,FnGuide Medical Device Materials & Equipment Index,semiannual,"6,12",선물옵션 만기일(D) 이후 2영업일째(D+2)에 정기변경을 수행합니다,requires_calendar,float_market_cap_weighted,10%,,,constituent_universe|corporate_actions|fics_industry_classification|free_float_ratio|futures_options_expiry_calendar|keyword_source_documents|krx_trading_calendar|listed_shares|market_cap|stock_prices|trading_value_liquidity,date_resolution_missing:futures_options_expiry_calendar|date_resolution_missing:krx_trading_calendar|weight_cap_scope_requires_review
466920,SOL 조선TOP3플러스,etfs/output/files/holdings_466920.parquet,2026-06-16,4874,downloaded,draft_review_required,,FnGuide Shipbuilding TOP3 Plus Index,quarterly,"2,5,8,11",선물옵션 만기일(D) 이후 2영업일째(D+2)에 정기변경을 수행합니다,requires_calendar,float_market_cap_weighted,25%,,,constituent_universe|corporate_actions|fics_industry_classification|free_float_ratio|futures_options_expiry_calendar|keyword_source_documents|krx_trading_calendar|listed_shares|market_cap|ranking_inputs|stock_prices|trading_value_liquidity,date_resolution_missing:futures_options_expiry_calendar|date_resolution_missing:krx_trading_calendar|weight_cap_scope_requires_review
466930,SOL 자동차TOP3플러스,etfs/output/files/holdings_466930.parquet,2026-06-16,4928,downloaded,draft_review_required,,FnGuide Automobile TOP3 Plus Index,semiannual,"6,12",선물옵션 만기일(D) 이후 2영업일째(D+2)에 정기변경을 수행합니다,requires_calendar,float_market_cap_weighted,10%,,,constituent_universe|corporate_actions|fics_industry_classification|free_float_ratio|futures_options_expiry_calendar|keyword_source_documents|krx_trading_calendar|listed_shares|market_cap|ranking_inputs|stock_prices|trading_value_liquidity,date_resolution_missing:futures_options_expiry_calendar|date_resolution_missing:krx_trading_calendar|weight_cap_scope_requires_review
466940,TIGER 은행고배당플러스TOP10,etfs/output/files/holdings_466940.parquet,2026-06-16,3872,downloaded,draft_review_required,,FnGuide Size/Style Index Series,semiannual,"6,12",선물옵션 만기일(D) 이후 2영업일째(D+2)에 정기변경을 수행합니다,requires_calendar,float_market_cap_weighted,25%,,,constituent_universe|corporate_actions|dividend_data|free_float_ratio|futures_options_expiry_calendar|krx_trading_calendar|listed_shares|market_cap|ranking_inputs|stock_prices|trading_value_liquidity,date_resolution_missing:futures_options_expiry_calendar|date_resolution_missing:krx_trading_calendar|weight_cap_scope_requires_review
469150,ACE AI반도체TOP3+,etfs/output/files/holdings_469150.parquet,2026-06-16,7387,downloaded,draft_review_required,,FnGuide AI Semiconductor TOP3 Plus Price Return Index,quarterly,"3,6,9,12",선물옵션 만기일(D) 이후 2영업일째(D+2)에 정기 개편을 수행합니다,requires_calendar,equal_weighted,,,,constituent_universe|corporate_actions|fics_industry_classification|free_float_ratio|futures_options_expiry_calendar|keyword_source_documents|krx_trading_calendar|listed_shares|market_cap|ranking_inputs|stock_prices|trading_value_liquidity,date_resolution_missing:futures_options_expiry_calendar|date_resolution_missing:krx_trading_calendar
469170,ACE 포스코그룹포커스,etfs/output/files/holdings_469170.parquet,2026-06-16,3861,downloaded,draft_review_required,FI00.WLT.HPV,FnGuide POSCO Group Focus Index,unknown,"3,5,6,9,11,12",선물옵션 만기일(D) 이후 2영업일째(D+2)에 정기 개편을 수행합,missing_methodology_rule,equal_weighted,,,,constituent_universe|corporate_actions|free_float_ratio|futures_options_expiry_calendar|krx_trading_calendar|listed_shares|market_cap|ranking_inputs|stock_prices|trading_value_liquidity,date_resolution_missing:futures_options_expiry_calendar|date_resolution_missing:krx_trading_calendar|rebalance_rule_missing_or_ambiguous|selection.total_constituents not extracted with evidence|status=draft_extracted
472170,TIGER 미국테크TOP10채권혼합,etfs/output/files/holdings_472170.parquet,2026-06-16,6298,downloaded,draft_review_required,FI00.MIX.U10,FnGuide 미국테크TOP10 채권혼합지수,unknown,,개편 일정 FnGuide 미국테크TOP10 채권혼합지수는 하위 지수인 Indxx US Tech Top10 지수와 KIS 국채 3- 10년 지수의 비중이 5:5가 되도록 구성합니다. 하위 지수의 편입비중은 매일...,missing_methodology_rule,market_cap_weighted,,,,constituent_universe|corporate_actions|fics_industry_classification|krx_trading_calendar|listed_shares|market_cap|ranking_inputs|stock_prices,date_resolution_missing:krx_trading_calendar|rebalance_rule_missing_or_ambiguous|selection.total_constituents not extracted with evidence|status=draft_extracted
473590,ACE 미국주식베스트셀러,etfs/output/files/holdings_473590.parquet,2026-06-16,4224,downloaded,draft_review_required,FGI.US.BTS.1,FnGuide US Equity BestSeller Index,monthly,"2,3,5,6,8,9,11,12",3영업일 전 종가로 산출됩니다,requires_calendar,unknown,,,,constituent_universe|corporate_actions|dividend_data|krx_trading_calendar|listed_shares|market_cap|ranking_inputs|stock_prices,date_resolution_missing:krx_trading_calendar|selection.total_constituents not extracted with evidence|status=draft_extracted
474590,WON 반도체밸류체인액티브,etfs/output/files/holdings_474590.parquet,2026-06-16,6908,downloaded,draft_review_required,,FnGuide Semiconductor Value Chain Index,semiannual,"6,12",선물옵션 만기일(D) 이후 2영업일째(D+2)에 정기 개편을 수행합니다,requires_calendar,float_market_cap_weighted,,,,constituent_universe|corporate_actions|fics_industry_classification|free_float_ratio|futures_options_expiry_calendar|keyword_source_documents|krx_trading_calendar|listed_shares|market_cap|ranking_inputs|stock_prices|trading_value_liquidity,date_resolution_missing:futures_options_expiry_calendar|date_resolution_missing:krx_trading_calendar
475300,SOL 반도체전공정,etfs/output/files/holdings_475300.parquet,2026-06-16,3872,downloaded,draft_review_required,,FnGuide Semiconductor Front-End Process Index,semiannual,"6,12",선물옵션 만기일(D) 이후 2영업일째(D+2)에 정기변경을 수행합니다,requires_calendar,float_market_cap_weighted,20%,,,constituent_universe|corporate_actions|fics_industry_classification|free_float_ratio|futures_options_expiry_calendar|keyword_source_documents|krx_trading_calendar|listed_shares|market_cap|ranking_inputs|stock_prices|trading_value_liquidity,date_resolution_missing:futures_options_expiry_calendar|date_resolution_missing:krx_trading_calendar|weight_cap_scope_requires_review
475310,SOL 반도체후공정,etfs/output/files/holdings_475310.parquet,2026-06-16,3861,downloaded,draft_review_required,,FnGuide Semiconductor Back-End Process Index,semiannual,"6,12",선물옵션 만기일(D) 이후 2영업일째(D+2)에 정기변경을 수행합니다,requires_calendar,float_market_cap_weighted,20%,,,constituent_universe|corporate_actions|fics_industry_classification|free_float_ratio|futures_options_expiry_calendar|keyword_source_documents|krx_trading_calendar|listed_shares|market_cap|ranking_inputs|stock_prices|trading_value_liquidity,date_resolution_missing:futures_options_expiry_calendar|date_resolution_missing:krx_trading_calendar|weight_cap_scope_requires_review
476260,HANARO 반도체핵심공정주도주,etfs/output/files/holdings_476260.parquet,2026-06-16,7392,downloaded,draft_review_required,,FnGuide Semiconductor Core Process Tech Leaders Index,quarterly,"3,6,9,12",2영업일째(D+2)에 정기변경을 수행합니다,requires_calendar,custom_weighted,60%,,,constituent_universe|corporate_actions|custom_index_formula_inputs|fics_industry_classification|free_float_ratio|keyword_source_documents|krx_trading_calendar|listed_shares|market_cap|ranking_inputs|stock_prices|trading_value_liquidity,date_resolution_missing:krx_trading_calendar|weight_cap_scope_requires_review
477080,RISE CD금리액티브(합성),etfs/output/files/holdings_477080.parquet,2026-06-16,2116,downloaded,draft_review_required,FBI.CD.01,FnGuide CD Interest Rates Index,annual,1,,requires_calendar,unknown,,,,constituent_universe|corporate_actions|krx_trading_calendar|listed_shares|stock_prices,date_resolution_missing:krx_trading_calendar|selection.total_constituents not extracted with evidence|status=draft_extracted
479850,HANARO K-뷰티,etfs/output/files/holdings_479850.parquet,2026-06-16,7293,downloaded,draft_review_required,FI00.WLT.NHB,FnGuide K-Beauty Index,quarterly,"5,6,11,12",2영업일째(D+2)에 정기변경을 수행합니다,requires_calendar,float_market_cap_weighted,20%,,,constituent_universe|corporate_actions|fics_industry_classification|free_float_ratio|keyword_source_documents|krx_trading_calendar|listed_shares|market_cap|ranking_inputs|stock_prices|trading_value_liquidity,date_resolution_missing:krx_trading_calendar|selection.total_constituents not extracted with evidence|status=draft_extracted|weight_cap_scope_requires_review
483020,KIWOOM 의료AI,etfs/output/files/holdings_483020.parquet,2026-06-16,8983,downloaded,draft_review_required,,FnGuide AI medical technology Index,quarterly,"5,6,11,12",2영업일째(D+2)와 3영업일째(D+3)에 정기변경을 수행합니다,requires_calendar,float_market_cap_weighted,20%,,,constituent_universe|corporate_actions|fics_industry_classification|free_float_ratio|keyword_source_documents|krx_trading_calendar|listed_shares|market_cap|ranking_inputs|stock_prices|trading_value_liquidity,date_resolution_missing:krx_trading_calendar|weight_cap_scope_requires_review
484880,SOL 금융지주플러스고배당,etfs/output/files/holdings_484880.parquet,2026-06-16,3872,downloaded,draft_review_required,,FnGuide Financial Group Plus High Dividend Index(PR),semiannual,"4,10",선물옵션 만기일(D) 이후 2영업일째(D+2)에 정기변경을 수행합니다,requires_calendar,custom_weighted,,,,constituent_universe|corporate_actions|custom_index_formula_inputs|dividend_data|fics_industry_classification|free_float_ratio|futures_options_expiry_calendar|krx_trading_calendar|listed_shares|market_cap|stock_prices|trading_value_liquidity,date_resolution_missing:futures_options_expiry_calendar|date_resolution_missing:krx_trading_calendar
486240,DAISHIN343 AI반도체&인프라액티브,etfs/output/files/holdings_486240.parquet,2026-06-16,9395,downloaded,draft_review_required,,FnGuide AI Semiconductor & Infrastructure Index,quarterly,"3,6,9,12",선물옵션 만기일(D) 이후 2영업일째(D+2)에 정기변경을 수행합니다,requires_calendar,equal_weighted,,,,constituent_universe|corporate_actions|fics_industry_classification|free_float_ratio|futures_options_expiry_calendar|keyword_source_documents|krx_trading_calendar|listed_shares|market_cap|ranking_inputs|stock_prices|trading_value_liquidity,date_resolution_missing:futures_options_expiry_calendar|date_resolution_missing:krx_trading_calendar
487750,BNK 온디바이스AI,etfs/output/files/holdings_487750.parquet,2026-06-16,7381,downloaded,draft_review_required,,FnGuide On-Device AI Index,semiannual,"6,12",선물옵션 만기일(D) 이후 2영업일째(D+2)에 정기변경을 수행합니다,requires_calendar,equal_weighted,20%,,,constituent_universe|corporate_actions|fics_industry_classification|free_float_ratio|futures_options_expiry_calendar|keyword_source_documents|krx_trading_calendar|listed_shares|market_cap|stock_prices|trading_value_liquidity,date_resolution_missing:futures_options_expiry_calendar|date_resolution_missing:krx_trading_calendar|weight_cap_scope_requires_review
488080,TIGER 반도체TOP10레버리지,etfs/output/files/holdings_488080.parquet,2026-06-16,7369,downloaded,draft_review_required,FI00.WLT.L07,FnGuide Semiconductor TOP10 Leverage Index TR,semiannual,"5,11",mation storage or retrieval system nor should the material be disclosed to third parties without the written authoriz...,requires_calendar,market_cap_weighted,,,,constituent_universe|corporate_actions|free_float_ratio|krx_trading_calendar|listed_shares|market_cap|ranking_inputs|stock_prices,date_resolution_missing:krx_trading_calendar|selection.total_constituents not extracted with evidence|status=draft_extracted
491510,파워 K-주주가치액티브,etfs/output/files/holdings_491510.parquet,2026-06-16,21968,downloaded,draft_review_required,FI00.WLT.KAV,FnGuide K-Shareholder Value Index,semiannual,"5,11",선물옵션 만기일(D) 이후 2영업일째(D+2)에 정기변경을 수행합니다,requires_calendar,custom_weighted,5%,,,constituent_universe|corporate_actions|custom_index_formula_inputs|fics_industry_classification|free_float_ratio|futures_options_expiry_calendar|krx_trading_calendar|listed_shares|market_cap|stock_prices|trading_value_liquidity,date_resolution_missing:futures_options_expiry_calendar|date_resolution_missing:krx_trading_calendar|selection.total_constituents not extracted with evidence|status=draft_extracted|weight_cap_scope_requires_review
494220,UNICORN SK하이닉스밸류체인액티브,etfs/output/files/holdings_494220.parquet,2026-06-16,6381,downloaded,draft_review_required,FI00.WLT.HSK,FnGuide SK hynix Value Chain Index,quarterly,"5,6,11,12",선물옵션 만기일(D) 이후 2영업일째(D+2)에 정기변경을 수행합니다,requires_calendar,equal_weighted,,,,constituent_universe|corporate_actions|fics_industry_classification|free_float_ratio|futures_options_expiry_calendar|keyword_source_documents|krx_trading_calendar|listed_shares|market_cap|ranking_inputs|stock_prices|trading_value_liquidity,date_resolution_missing:futures_options_expiry_calendar|date_resolution_missing:krx_trading_calendar|selection.total_constituents not extracted with evidence|status=draft_extracted
494330,ACE 라이프자산주주가치액티브,etfs/output/files/holdings_494330.parquet,2026-06-16,11517,downloaded,draft_review_required,FI00.WLT.KAV,FnGuide K-Shareholder Value Index,semiannual,"5,11",선물옵션 만기일(D) 이후 2영업일째(D+2)에 정기변경을 수행합니다,requires_calendar,custom_weighted,5%,,,constituent_universe|corporate_actions|custom_index_formula_inputs|fics_industry_classification|free_float_ratio|futures_options_expiry_calendar|krx_trading_calendar|listed_shares|market_cap|stock_prices|trading_value_liquidity,date_resolution_missing:futures_options_expiry_calendar|date_resolution_missing:krx_trading_calendar|selection.total_constituents not extracted with evidence|status=draft_extracted|weight_cap_scope_requires_review
