code,name,status,index_name,updated,methodology_family,review_frequency,review_months,rebalance_timing,selection_count,weighting_scheme,weight_cap,has_free_float_adjustment,has_market_cap_screen,has_liquidity_screen,has_keyword_filter,has_fics_filter,pdf_page_count,pdf_text_chars,source_url,file_path,error
396500,TIGER 반도체TOP10,downloaded,FnGuide AI Semiconductor TOP10 Index,June 2025,keyword_theme,quarterly,"1,4,7,10",선물옵션 만기일(D) 이후 2영업일째(D+2)에 정기변경을 수행합니다,3,float_market_cap_weighted,15%,True,True,True,True,True,19,25099,,etfs\output\methodologies\396500_582f7c84fdd3.pdf,
0167A0,SOL AI반도체TOP2플러스,downloaded,FnGuide AI Semiconductor TOP2 Plus Index,January 2026,keyword_theme,quarterly,"1,4,7,10",2영업일째(D+2)에 정기변경을 수행합니다,2,float_market_cap_weighted,15%,True,True,True,True,True,20,26811,,etfs\output\methodologies\0167A0_57c7d80a085d.pdf,
395270,HANARO Fn K-반도체,downloaded,FnGuide AI Semiconductor TOP3 Plus Price Return Index,September 2023,keyword_theme,quarterly,"3,6,9,12",선물옵션 만기일(D) 이후 2영업일째(D+2)에 정기 개편을 수행합니다,3,equal_weighted,,True,True,True,False,True,17,23213,,etfs\output\methodologies\395270_466c302826ee.pdf,
395160,KODEX AI반도체TOP2플러스,downloaded,FnGuide AI Semiconductor TOP2 Plus Index,January 2026,keyword_theme,quarterly,"1,4,7,10",2영업일째(D+2)에 정기변경을 수행합니다,2,float_market_cap_weighted,15%,True,True,True,True,True,20,26811,,etfs\output\methodologies\395160_57c7d80a085d.pdf,
161510,PLUS 고배당주,downloaded,FnGuide High Dividend Stocks Index,July 2019,dividend,semiannual,"6,12",5영업일째 되는,1,unknown,,True,True,True,False,False,10,10917,https://file.fnguide.com/fnindex/files/FnGuide_High_Dividend_Stocks_Index_Methodology_Book_한화_(20190701)_v2.5.pdf,etfs\output\methodologies\161510_7a49df9055a3.pdf,
292150,TIGER 코리아TOP10,downloaded,FnGuide Size/Style Index Series,February 2026,dividend,semiannual,"6,12",선물옵션 만기일(D) 이후 2영업일째(D+2)에 정기변경을 수행합니다,10,float_market_cap_weighted,25%,True,True,True,False,False,16,16910,https://file.fnguide.com/fnindex/files/FnGuide_SizeStyle_Index_Series_Methodology_Book_미래_(20260203)_v2.0.pdf,etfs\output\methodologies\292150_60b5df44287f.pdf,
305720,KODEX 2차전지산업,downloaded,FnGuide Secondary Battery Industry Index,April 2023,keyword_theme,quarterly,"3,6,9,12",선물옵션 만기일 익주 첫 번째 영업일부터 세 번째 영업일까지 정기 변경을 수행합니다,25,score_weighted,20%,True,True,True,True,False,13,15188,,etfs\output\methodologies\305720_8ae0b61a17ae.pdf,
315930,KODEX Top5PlusTR,downloaded,FnGuide Defense TOP5 Index TR,July 2025,keyword_theme,semiannual,"6,12",선물옵션 만기일(D) 이후 2영업일째(D+2)에 정기변경을 수행합니다,3,float_market_cap_weighted,23%,True,True,True,True,False,17,22833,https://file.fnguide.com/fnindex/files/FnGuide_Defense_TOP5_Index_TR_Methodology_Book_(20250730)_v1.2.pdf,etfs\output\methodologies\315930_51590a18eb33.pdf,
466920,SOL 조선TOP3플러스,downloaded,FnGuide Shipbuilding TOP3 Plus Index,September 2025,keyword_theme,quarterly,"2,5,8,11",선물옵션 만기일(D) 이후 2영업일째(D+2)에 정기변경을 수행합니다,1,float_market_cap_weighted,25%,True,True,True,True,True,17,24056,,etfs\output\methodologies\466920_b13eb0bc3c86.pdf,
488080,TIGER 반도체TOP10레버리지,downloaded,FnGuide Semiconductor TOP10 Leverage Index TR,May 2024,top_n_theme,semiannual,"5,11",mation storage or retrieval system nor should the material be disclosed to third parties without the written authoriz...,10,market_cap_weighted,,True,True,False,False,False,6,6540,https://file.fnguide.com/fnindex/files/FnGuide Semiconductor TOP10_Leverage_Index_TR_Methodology_Book_(20240715)_v1.0.pdf,etfs\output\methodologies\488080_b5ecaef84724.pdf,
329200,TIGER 리츠부동산인프라,downloaded,FnGuide REITs Real Estate Infrastructure Index,March 2023,dividend,semiannual,"6,12",선물옵션 만기일(D) 이후 2영업일(D+2) 부터 6영업일(D+6)까지 5영업일간 정기,30,market_cap_weighted,17%,True,True,True,False,False,10,12078,https://file.fnguide.com/fnindex/files/FnGuide_REITs_Real_Estate_Infrastructure_Index_Methodology_Book_(20230322)_v2.2.pdf,etfs\output\methodologies\329200_96b3c73fc9df.pdf,
449450,PLUS K방산,downloaded,FnGuide Defense TOP5 Index TR,July 2025,keyword_theme,semiannual,"6,12",선물옵션 만기일(D) 이후 2영업일째(D+2)에 정기변경을 수행합니다,3,float_market_cap_weighted,23%,True,True,True,True,False,17,22833,https://file.fnguide.com/fnindex/files/FnGuide_Defense_TOP5_Index_TR_Methodology_Book_(20250730)_v1.2.pdf,etfs\output\methodologies\449450_51590a18eb33.pdf,
477080,RISE CD금리액티브(합성),downloaded,FnGuide CD Interest Rates Index,February 2023,theme,annual,1,,,unknown,,False,False,False,False,False,5,4049,https://file.fnguide.com/fnindex/files/FnGuide_CD_Interest_Rates_Index_Methodology_Book_(20230223)_v1.0.pdf,etfs\output\methodologies\477080_593b452b93ee.pdf,
469150,ACE AI반도체TOP3+,downloaded,FnGuide AI Semiconductor TOP3 Plus Price Return Index,September 2023,keyword_theme,quarterly,"3,6,9,12",선물옵션 만기일(D) 이후 2영업일째(D+2)에 정기 개편을 수행합니다,3,equal_weighted,,True,True,True,False,True,17,23213,,etfs\output\methodologies\469150_466c302826ee.pdf,
455850,SOL AI반도체소부장,downloaded,FnGuide AI Semiconductor Materials & Equipment Index,February 2024,keyword_theme,semiannual,"6,12",선물옵션 만기일(D) 이후 2영업일째(D+2)에 정기변경을 수행합니다,20,float_market_cap_weighted,20%,True,True,True,True,True,16,22314,,etfs\output\methodologies\455850_9fe7197e9742.pdf,
367760,RISE 네트워크인프라,downloaded,FnGuide Network Infrastructure Index,,keyword_theme,semiannual,"6,12",선물옵션 만기일 익주 첫 영업일에 정기변경을 수행합니다,3,float_market_cap_weighted,20%,True,True,False,True,False,10,12396,https://file.fnguide.com/fnindex/files/FnGuide Network Infrastructure Index Methodology_Book_KB_(20251106)_v1.3.pdf,etfs\output\methodologies\367760_a6ab4f23f856.pdf,
0177R0,TIGER 반도체TOP10커버드콜액티브,downloaded,FnGuide Size/Style Index Series,February 2026,dividend,semiannual,"6,12",선물옵션 만기일(D) 이후 2영업일째(D+2)에 정기변경을 수행합니다,10,float_market_cap_weighted,25%,True,True,True,False,False,16,16910,,etfs\output\methodologies\0177R0_60b5df44287f.pdf,
466940,TIGER 은행고배당플러스TOP10,downloaded,FnGuide Size/Style Index Series,February 2026,dividend,semiannual,"6,12",선물옵션 만기일(D) 이후 2영업일째(D+2)에 정기변경을 수행합니다,10,float_market_cap_weighted,25%,True,True,True,False,False,16,16910,,etfs\output\methodologies\466940_60b5df44287f.pdf,
462330,KODEX 2차전지산업레버리지,downloaded,FnGuide Secondary Battery Industry Leverage Index TR,May 2024,theme,semiannual,"5,11",storage or retrieval system nor should the material be disclosed to third parties without the written authorization o...,,market_cap_weighted,,True,True,False,False,False,6,6573,https://file.fnguide.com/fnindex/files/FnGuide Secondary_Battery_Industry_Leverage_Index_TR_Methodology_Book_(20240715)_v1.0.pdf,etfs\output\methodologies\462330_1ea7f5ede368.pdf,
462010,TIGER 2차전지소재Fn,downloaded,FnGuide Secondary Battery Material Index,May 2024,keyword_theme,quarterly,"1,4,7,10",2영업일 째(D+2)에 2영업일에 걸쳐 정기 변경을 수행합니,3,float_market_cap_weighted,,True,True,True,True,False,18,24543,,etfs\output\methodologies\462010_7213faeec355.pdf,
251600,PLUS 고배당주채권혼합,downloaded,FnGuide High Dividend Balanced Index,July 2019,dividend,semiannual,"6,12",5영업일째 되는 날(T+4)에,30,market_cap_weighted,,True,True,True,False,False,9,8837,https://file.fnguide.com/fnindex/files/FnGuide_High_Dividend_Balanced_Index_Methodology_Book_한화_(20190701)_v2.3.pdf,etfs\output\methodologies\251600_f38ec77444f7.pdf,
0105E0,SOL 코리아고배당,downloaded,FnGuide KOREA High Dividend,December 2025,dividend,semiannual,"5,11",선물옵션 만기일(D) 이후 2영업일째(D+2)에 정기변경을 수행합니다,10,float_market_cap_weighted,5%,True,True,True,False,False,13,14929,https://file.fnguide.com/fnindex/files/FnGuide_KOREA_High_Dividend_Methodology_Book_(20251201)_v1.3.pdf,etfs\output\methodologies\0105E0_e6f5d77736ff.pdf,
447770,TIGER 테슬라채권혼합Fn,downloaded,FnGuide Tesla Balanced Index,August 2022,theme,unknown,,,,unknown,,False,False,False,False,False,5,4485,https://file.fnguide.com/fnindex/files/FnGuide_Tesla_Balanced_Index_Methodology_Book_(20220827)_v1.0.pdf,etfs\output\methodologies\447770_9ee37850ca0f.pdf,
466930,SOL 자동차TOP3플러스,downloaded,FnGuide Automobile TOP3 Plus Index,August 2023,keyword_theme,semiannual,"6,12",선물옵션 만기일(D) 이후 2영업일째(D+2)에 정기변경을 수행합니다,3,float_market_cap_weighted,10%,True,True,True,False,True,16,22611,,etfs\output\methodologies\466930_9094f311de0c.pdf,
0019K0,TIME 미국나스닥100채권혼합50액티브,downloaded,FnGuide Nasdaq100 Balanced 50 Index,April 2026,theme,unknown,,개편 일정 FnGuide 나스닥100 채권혼합50 지수는 하위 지수인 NASDAQ100(TR) 지수와 KIS 국채 3- 10년(총수익) 지수의 비중이 5:5이 되도록 구성합니다. 하위 지수의 편입비중은 매일 동...,,unknown,,False,False,False,False,False,5,4244,https://file.fnguide.com/fnindex/files/FnGuide_Nasdaq100 Balanced 50_Index_Methodology_Book_(20260407)_v2.0.pdf,etfs\output\methodologies\0019K0_12707c7ff841.pdf,
385510,KODEX 신재생에너지액티브,downloaded,FnGuide K-Renewable Energy Plus Index,January 2021,keyword_theme,semiannual,"6,12",선물옵션 만기일(D) 이후 2영업일째(D+2)에 정기변경을 수행합니다,,custom_weighted,,True,True,True,True,True,16,21233,,etfs\output\methodologies\385510_d8afbf8c3e96.pdf,
435420,TIGER 미국나스닥100채권혼합50,downloaded,FnGuide Nasdaq100 Balanced 50 Index,April 2026,theme,unknown,,개편 일정 FnGuide 나스닥100 채권혼합50 지수는 하위 지수인 NASDAQ100(TR) 지수와 KIS 국채 3- 10년(총수익) 지수의 비중이 5:5이 되도록 구성합니다. 하위 지수의 편입비중은 매일 동...,,unknown,,False,False,False,False,False,5,4244,https://file.fnguide.com/fnindex/files/FnGuide_Nasdaq100 Balanced 50_Index_Methodology_Book_(20260407)_v2.0.pdf,etfs\output\methodologies\435420_12707c7ff841.pdf,
474590,WON 반도체밸류체인액티브,downloaded,FnGuide Semiconductor Value Chain Index,November 2023,keyword_theme,semiannual,"6,12",선물옵션 만기일(D) 이후 2영업일째(D+2)에 정기 개편을 수행합니다,1,float_market_cap_weighted,,True,True,True,False,True,16,21640,,etfs\output\methodologies\474590_3983f6afa006.pdf,
307520,TIGER 지주회사,downloaded,FnGuide Holdings Company Index,July 2025,top_n_theme,quarterly,"1,2,7,8",2영업일 전의 종가(D-2)를 이용합니다,30,float_market_cap_weighted,,True,True,True,False,False,12,12499,,etfs\output\methodologies\307520_f37b076120b1.pdf,
279530,KODEX 고배당주,downloaded,FnGuide High Dividend Stocks Index,July 2019,dividend,semiannual,"6,12",5영업일째 되는,1,unknown,,True,True,True,False,False,10,10917,https://file.fnguide.com/fnindex/files/FnGuide_High_Dividend_Stocks_Index_Methodology_Book_한화_(20190701)_v2.5.pdf,etfs\output\methodologies\279530_7a49df9055a3.pdf,
0180V0,ACE 미국우주테크액티브,not_found,,,unknown,unknown,,,,unknown,,False,False,False,False,False,0,0,,,no methodology pdf candidate found
157500,TIGER 증권,downloaded,FnGuide Sector Coverage Index Series,July 2019,sector_theme,semiannual,"6,12",종목 선정일 및 개편 일정 화학 Index 화학 지수는 매년 6월과 12월 KOSPI200 주가지수 선물의 최종거래일이 속하는 주의 다음 주 첫 영업일에 다음을 기준으로 정기변경을 실시한다. 유가증권시장 상장종...,,float_market_cap_weighted,25%,True,False,False,False,False,22,26962,,etfs\output\methodologies\157500_bf7dfdb2d9c3.pdf,
484880,SOL 금융지주플러스고배당,downloaded,FnGuide Financial Group Plus High Dividend Index(PR),April 2024,dividend,semiannual,"4,10",선물옵션 만기일(D) 이후 2영업일째(D+2)에 정기변경을 수행합니다,,custom_weighted,,True,True,True,False,True,16,21859,,etfs\output\methodologies\484880_22b0543da6f7.pdf,
472170,TIGER 미국테크TOP10채권혼합,downloaded,FnGuide 미국테크TOP10 채권혼합지수,October 2025,sector_theme,unknown,,개편 일정 FnGuide 미국테크TOP10 채권혼합지수는 하위 지수인 Indxx US Tech Top10 지수와 KIS 국채 3- 10년 지수의 비중이 5:5가 되도록 구성합니다. 하위 지수의 편입비중은 매일...,10,market_cap_weighted,,False,True,False,False,False,5,4219,https://file.fnguide.com/fnindex/files/FnGuide_미국테크TOP10 채권혼합지수_Methodology_Book_(20251010)_v1.3.pdf,etfs\output\methodologies\472170_0f5c86294cb9.pdf,
0005G0,IBK K-AI반도체코어테크,downloaded,FnGuide K-AI Semiconductor Core Technology Index,November 2024,keyword_theme,semiannual,"6,12",선물옵션 만기일(D) 이후 2영업일째(D+2)에 정기변경을 수행합니다,3,float_market_cap_weighted,20%,True,True,True,True,True,20,26375,,etfs\output\methodologies\0005G0_45c63d415bf3.pdf,
266160,RISE 고배당,downloaded,FnGuide KQ High Dividend Focus Index,July 2019,dividend,semiannual,"4,5",선물옵션 만기일 익주 두번째 영업일부터 세번째 영업일까지,30,float_market_cap_weighted,8%,True,True,True,False,False,12,13558,https://file.fnguide.com/fnindex/files/FnGuide_KQ_High_Dividend_Focus_Index_Methodology_Book_KB_(20190701)_v1.6.pdf,etfs\output\methodologies\266160_facff45e9403.pdf,
329650,KODEX TRF3070,downloaded,FnGuide TRF Index Series,April 2019,top_n_theme,unknown,,,5,unknown,,True,True,False,False,False,5,5469,https://file.fnguide.com/fnindex/files/FnGuide_TRF_Index_Series_Methodology_Book_삼성_(20190424)_v1.2.pdf,etfs\output\methodologies\329650_38f391aa4052.pdf,
244580,KODEX 바이오,downloaded,FnGuide K-Bio Balanced Index,March 2026,equal_weight,quarterly,"5,6,11,12",선물옵션 만기일(D) 이후 2영업일째(D+2)에 정기변경을 수행합니다,3,equal_weighted,,True,True,True,True,True,21,26692,,etfs\output\methodologies\244580_e6ad30e3a9d6.pdf,
0093A0,RISE AI반도체TOP10,downloaded,FnGuide AI Semiconductor TOP10 Index,June 2025,keyword_theme,quarterly,"1,4,7,10",선물옵션 만기일(D) 이후 2영업일째(D+2)에 정기변경을 수행합니다,3,float_market_cap_weighted,15%,True,True,True,True,True,19,25099,,etfs\output\methodologies\0093A0_582f7c84fdd3.pdf,
461950,KODEX 2차전지핵심소재10,downloaded,FnGuide Secondary Battery Core Materials 10 Index,May 2023,keyword_theme,quarterly,"1,4,7,10",3 영업일 전(D)을 기준으로 합니다,10,score_weighted,20%,True,True,True,True,False,16,20029,,etfs\output\methodologies\461950_f13d50e5b8d0.pdf,
494220,UNICORN SK하이닉스밸류체인액티브,downloaded,FnGuide SK hynix Value Chain Index,August 2024,equal_weight,quarterly,"5,6,11,12",선물옵션 만기일(D) 이후 2영업일째(D+2)에 정기변경을 수행합니다,1,equal_weighted,,True,True,True,True,True,20,25653,https://file.fnguide.com/fnindex/files/FnGuide_SK_hynix_Value_Chain_Index_Methodology_Book_(20240821)_v1.1.pdf,etfs\output\methodologies\494220_960530ee6e7e.pdf,
0080Y0,SOL 조선TOP3플러스레버리지,downloaded,FnGuide Shipbuilding TOP3 Plus Leverage(2x) Index,April 2025,top_n_theme,semiannual,"5,11",storage or retrieval system nor should the material be disclosed to third parties without the written authorization o...,3,market_cap_weighted,,True,False,False,False,False,5,5169,https://file.fnguide.com/fnindex/files/FnGuide_Shipbuilding_TOP3_Plus_Leverage(2x)_Index_Methodology_Book_(20250425)_v1.0.pdf,etfs\output\methodologies\0080Y0_028d8a2f3e44.pdf,
475300,SOL 반도체전공정,downloaded,FnGuide Semiconductor Front-End Process Index,November 2023,keyword_theme,semiannual,"6,12",선물옵션 만기일(D) 이후 2영업일째(D+2)에 정기변경을 수행합니다,2,float_market_cap_weighted,20%,True,True,True,True,True,20,27173,,etfs\output\methodologies\475300_97d98c3f45ff.pdf,
325010,KODEX 성장주,search_failed,,,unknown,unknown,,,,unknown,,False,False,False,False,False,0,0,,,"Client error '403 Forbidden' for url 'https://html.duckduckgo.com/html/?q=%22KODEX+%EC%84%B1%EC%9E%A5%EC%A3%BC%22+FnGuide+%EC%A7%80%EC%88%98+%EB%B0%A9%EB%B2%95%EB%A1%A0'
For more information check: https://developer.mozilla.org/en-US/docs/Web/HTTP/Status/403"
0005D0,SOL 전고체배터리&실리콘음극재,downloaded,FnGuide All-Solid-State Battery & Silicon Anode Index,October 2024,keyword_theme,quarterly,"3,6,9,12",선물옵션 만기일(D) 이후 2영업일 째(D+2)에 정기변경을 수행합니다,2,float_market_cap_weighted,20%,True,True,True,True,True,22,28179,,etfs\output\methodologies\0005D0_bf91416fcf36.pdf,
377990,TIGER Fn신재생에너지,downloaded,FnGuide K-Renewable Energy Plus Index,January 2021,keyword_theme,semiannual,"6,12",선물옵션 만기일(D) 이후 2영업일째(D+2)에 정기변경을 수행합니다,,custom_weighted,,True,True,True,True,True,16,21233,,etfs\output\methodologies\377990_d8afbf8c3e96.pdf,
0183V0,KIWOOM 삼성전자&SK하이닉스채권혼합50,downloaded,FnGuide Samsung Electronics & SK Hynix Bond Balanced Index,January 2026,equal_weight,semiannual,"5,11","개편 일정 FnGuide 삼성전자 & SK하이닉스 채권혼합 지수는 삼성전자, SK하이닉스와 FnGuide 국고통안채 지수의 비중을 매일 25:25:50 로 동일하게 조정하는 Constant Mix 방식을 적용합...",10,equal_weighted,,True,True,False,False,False,9,9349,https://file.fnguide.com/fnindex/files/FnGuide Samsung Electronics & SK Hynix Bond Balanced Index_Methodology_Book_(20260116)_v1.0.pdf,etfs\output\methodologies\0183V0_7a9aa74e0cd0.pdf,
458210,KIWOOM CD금리액티브(합성),downloaded,FnGuide CD Interest Rates Index,February 2023,theme,annual,1,,,unknown,,False,False,False,False,False,5,4049,https://file.fnguide.com/fnindex/files/FnGuide_CD_Interest_Rates_Index_Methodology_Book_(20230223)_v1.0.pdf,etfs\output\methodologies\458210_593b452b93ee.pdf,
367770,RISE 수소경제테마,downloaded,FnGuide Golf Theme Index,April 2025,keyword_theme,semiannual,"6,12",선물옵션 만기일(D) 이후 4영업일(D+4)과 5영업일(D+5)에 정기변경을 수행합니다,5,float_market_cap_weighted,,True,True,True,True,False,11,12998,https://file.fnguide.com/fnindex/files/FnGuide_Golf Theme Index_Methodology_Book_NHA_(20250404)_v1.1.pdf,etfs\output\methodologies\367770_0b2a6206189b.pdf,
0092B0,SOL 한국원자력SMR,downloaded,FnGuide KOREA Nuclear Power SMR Index,June 2025,keyword_theme,semiannual,"6,12",선물옵션 만기일(D) 이후 2영업일 째(D+2)에 정기변경을 수행합니다,3,float_market_cap_weighted,,True,True,True,True,True,18,20731,https://file.fnguide.com/fnindex/files/FnGuide_KOREA_NuclearPower_SMR_Index_Methodology_Book_(20250508)_v1.0.pdf,etfs\output\methodologies\0092B0_5e3df49faaa5.pdf,
325020,KODEX 배당가치,downloaded,FnGuide SLV Dividend Value Index,July 2019,dividend,quarterly,"5,6,11,12",선물옵션 만기일 다음주 첫 영업일(D) 에 정기변경을 수행합니다,150,score_weighted,,True,True,False,False,False,13,14088,https://file.fnguide.com/fnindex/files/FnGuide_SLV_Dividend_Value_Index_Methodology_Book_(20190701)_v1.3.pdf,etfs\output\methodologies\325020_a7ff687292ec.pdf,
457990,PLUS 태양광&ESS,downloaded,FnGuide Solar & ESS Index,March 2023,keyword_theme,semiannual,"6,12",선물옵션 만기일(D)를 기준으로 2영업일 째(D+2)부터 2영업일에 걸쳐 정기 변경을,3,float_market_cap_weighted,,True,True,True,True,False,19,24667,https://file.fnguide.com/fnindex/files/FnGuide_Solar & ESS_Index_Methodology_Book_한화_(20230323)_v1.1.pdf,etfs\output\methodologies\457990_7102c0ee4be2.pdf,
326240,RISE IT플러스,downloaded,FnGuide IT PLUS Index,July 2019,sector_theme,semiannual,"6,12",선물옵션 만기일 익주 첫 영업일에 정기변경을 수행합니다,,float_market_cap_weighted,10%,True,True,True,False,True,10,11300,,etfs\output\methodologies\326240_bea5dc8cb6b5.pdf,
494330,ACE 라이프자산주주가치액티브,downloaded,FnGuide K-Shareholder Value Index,June 2024,sector_theme,semiannual,"5,11",선물옵션 만기일(D) 이후 2영업일째(D+2)에 정기변경을 수행합니다,,custom_weighted,5%,True,True,True,False,False,17,21325,https://file.fnguide.com/fnindex/files/FnGuide_K-Shareholder_Value_Index_Methodology_Book_(20240624)_v1.2.pdf,etfs\output\methodologies\494330_3dcfffc116a2.pdf,
0104H0,KoAct 미국나스닥채권혼합50액티브,downloaded,FnGuide Nasdaq100 Balanced 50 Index,April 2026,theme,unknown,,개편 일정 FnGuide 나스닥100 채권혼합50 지수는 하위 지수인 NASDAQ100(TR) 지수와 KIS 국채 3- 10년(총수익) 지수의 비중이 5:5이 되도록 구성합니다. 하위 지수의 편입비중은 매일 동...,,unknown,,False,False,False,False,False,5,4244,https://file.fnguide.com/fnindex/files/FnGuide_Nasdaq100 Balanced 50_Index_Methodology_Book_(20260407)_v2.0.pdf,etfs\output\methodologies\0104H0_12707c7ff841.pdf,
455860,SOL 2차전지소부장Fn,downloaded,FnGuide Secondary Battery Materials & Equipment Index,November 2023,keyword_theme,semiannual,"6,12",선물옵션 만기일(D) 이후 2영업일째(D+2)에 정기변경을 수행합니다,20,float_market_cap_weighted,20%,True,True,True,True,True,16,22232,,etfs\output\methodologies\455860_2a10ffbf1771.pdf,
0000J0,PLUS 한화그룹주,downloaded,FnGuide Hanwha Group Index,October 2024,theme,semiannual,"6,12",2영업일 째(D+2)에 정기 변경을 수행합니다,,float_market_cap_weighted,20%,True,True,True,False,False,12,12123,https://file.fnguide.com/fnindex/files/FnGuide_HANWHA_Group_Index_Methodology_Book_한화_(20241010)_v1.0.pdf,etfs\output\methodologies\0000J0_29cd9eba7b46.pdf,
469170,ACE 포스코그룹포커스,downloaded,FnGuide POSCO Group Focus Index,October 2023,equal_weight,unknown,"3,5,6,9,11,12",선물옵션 만기일(D) 이후 2영업일째(D+2)에 정기 개편을 수행합,1,equal_weighted,,True,True,True,False,False,11,13936,https://file.fnguide.com/fnindex/files/FnGuide_POSCO_Group_Focus_Index_Methodology_Book_(20231004)_v2.4.pdf,etfs\output\methodologies\469170_563ce83556f2.pdf,
486240,DAISHIN343 AI반도체&인프라액티브,downloaded,FnGuide AI Semiconductor & Infrastructure Index,April 2024,keyword_theme,quarterly,"3,6,9,12",선물옵션 만기일(D) 이후 2영업일째(D+2)에 정기변경을 수행합니다,4,equal_weighted,,True,True,True,True,True,20,25311,,etfs\output\methodologies\486240_374de20750a1.pdf,
157490,TIGER 소프트웨어,downloaded,FnGuide Sector Coverage Index Series,July 2019,sector_theme,semiannual,"6,12",종목 선정일 및 개편 일정 화학 Index 화학 지수는 매년 6월과 12월 KOSPI200 주가지수 선물의 최종거래일이 속하는 주의 다음 주 첫 영업일에 다음을 기준으로 정기변경을 실시한다. 유가증권시장 상장종...,,float_market_cap_weighted,25%,True,False,False,False,False,22,26962,,etfs\output\methodologies\157490_bf7dfdb2d9c3.pdf,
441540,HANARO Fn조선해운,downloaded,FnGuide Shipbuilding & Shipping Industry Index,July 2022,sector_theme,quarterly,"5,6,11,12",선물옵션 만기일(D) 이후 4영업일(D+4)과 5영업일(D+5)에 정기변경을 수행합니다,15,float_market_cap_weighted,,True,True,True,False,True,14,19495,,etfs\output\methodologies\441540_15a11657b61c.pdf,
329660,KODEX TRF5050,downloaded,FnGuide TRF Index Series,April 2019,top_n_theme,unknown,,,5,unknown,,True,True,False,False,False,5,5469,https://file.fnguide.com/fnindex/files/FnGuide_TRF_Index_Series_Methodology_Book_삼성_(20190424)_v1.2.pdf,etfs\output\methodologies\329660_38f391aa4052.pdf,
329670,KODEX TRF7030,downloaded,FnGuide TRF Index Series,April 2019,top_n_theme,unknown,,,5,unknown,,True,True,False,False,False,5,5469,https://file.fnguide.com/fnindex/files/FnGuide_TRF_Index_Series_Methodology_Book_삼성_(20190424)_v1.2.pdf,etfs\output\methodologies\329670_38f391aa4052.pdf,
475310,SOL 반도체후공정,downloaded,FnGuide Semiconductor Back-End Process Index,November 2023,keyword_theme,semiannual,"6,12",선물옵션 만기일(D) 이후 2영업일째(D+2)에 정기변경을 수행합니다,2,float_market_cap_weighted,20%,True,True,True,True,True,20,27204,,etfs\output\methodologies\475310_af9ebebe872f.pdf,
0098N0,PLUS 자사주매입고배당주,downloaded,FnGuide High Dividend Stocks Plus Buyback Index,July 2025,dividend,semiannual,"6,12",5영업일째 되는 날(T+4)에 정기변경을 실시합니다,1,market_cap_weighted,,True,True,True,False,False,11,12839,https://file.fnguide.com/fnindex/files/FnGuide_High_Dividend_Stocks_Plus_Buyback_Index_Methodology_Book_한화_(20250702)_v1.1.pdf,etfs\output\methodologies\0098N0_b9c8311a8d40.pdf,
0111J0,HANARO 증권고배당TOP3플러스,downloaded,FnGuide High Dividend Securities TOP3 Plus Index,February 2026,dividend,semiannual,"6,12",선물옵션 만기일(D) 이후 2영업일 째(D+2)에 정기변경을 수행합니다,3,market_cap_weighted,20%,True,True,True,False,True,10,12550,,etfs\output\methodologies\0111J0_94bcf5e1b9ca.pdf,
0141S0,SOL 조선기자재,downloaded,FnGuide Shipbuilding Equipment Index,October 2025,equal_weight,quarterly,"2,5,8,11",선물옵션 만기일(D) 이후 2영업일째(D+2)에 정기변경을 수행합니다,1,equal_weighted,20%,True,True,True,True,True,19,25341,,etfs\output\methodologies\0141S0_533567ac0f6b.pdf,
445150,KODEX 친환경조선해운액티브,downloaded,FnGuide Shipbuilding & Shipping Industry Index,July 2022,sector_theme,quarterly,"5,6,11,12",선물옵션 만기일(D) 이후 4영업일(D+4)과 5영업일(D+5)에 정기변경을 수행합니다,15,float_market_cap_weighted,,True,True,True,False,True,14,19495,,etfs\output\methodologies\445150_15a11657b61c.pdf,
381560,HANARO Fn전기&수소차,downloaded,FnGuide Electric & Hydrogen Vehicle Index,December 2021,keyword_theme,semiannual,"6,12",선물옵션 만기일(D) 이후 4영업일(D+4)과 5영업일(D+5)에 정기변경을 수행합니다,3,float_market_cap_weighted,,True,True,True,True,True,19,22844,https://file.fnguide.com/fnindex/files/FnGuide_Electric & Hydrogen Vehicle_Index_Methodology_Book_NHA_(20211223)_v1.2.pdf,etfs\output\methodologies\381560_d23188d7207f.pdf,
401470,KODEX 메타버스액티브,downloaded,FnGuide K-Metaverse MZ Index,August 2021,keyword_theme,semiannual,"6,12",선물옵션 만기일(D) 이후 4영업일(D+4)과 5영업일(D+5)에 정기변경을 수행합니다,10,float_market_cap_weighted,,True,True,True,True,True,20,24012,https://file.fnguide.com/fnindex/files/FnGuide_K-Metaverse_ MZ_Index_Methodology_Book_NHA_(20210802)_v1.0.pdf,etfs\output\methodologies\401470_7942b9107d76.pdf,
0008T0,SOL 화장품TOP3플러스,downloaded,FnGuide Cosmetics TOP3 Plus Index,September 2025,keyword_theme,quarterly,"1,4,7,10",2영업일 째(D+2)에 정기변경을 수행합니다,1,float_market_cap_weighted,20%,True,True,True,True,False,17,20156,,etfs\output\methodologies\0008T0_75f028f551de.pdf,
150460,TIGER 중국소비테마,downloaded,FnGuide Golf Theme Index,April 2025,keyword_theme,semiannual,"6,12",선물옵션 만기일(D) 이후 4영업일(D+4)과 5영업일(D+5)에 정기변경을 수행합니다,5,float_market_cap_weighted,,True,True,True,True,False,11,12998,https://file.fnguide.com/fnindex/files/FnGuide_Golf Theme Index_Methodology_Book_NHA_(20250404)_v1.1.pdf,etfs\output\methodologies\150460_0b2a6206189b.pdf,
473590,ACE 미국주식베스트셀러,downloaded,FnGuide US Equity BestSeller Index,DEC 2023,dividend,monthly,"2,3,5,6,8,9,11,12",3영업일 전 종가로 산출됩니다,5,unknown,,False,True,False,False,False,12,17213,https://file.fnguide.com/fnindex/files/FnGuide_US_BestSeller_Index_Methodology_Book_(20231218)_v1.1.pdf,etfs\output\methodologies\473590_7164669a80c7.pdf,
476260,HANARO 반도체핵심공정주도주,downloaded,FnGuide Semiconductor Core Process Tech Leaders Index,October 2023,keyword_theme,quarterly,"3,6,9,12",2영업일째(D+2)에 정기변경을 수행합니다,3,custom_weighted,60%,True,True,True,True,True,19,26177,,etfs\output\methodologies\476260_ee8565063925.pdf,
147970,TIGER 모멘텀,downloaded,FnGuide Momentum Index,July 2019,equal_weight,quarterly,"1,4,7,10","종목 선정일 및 개편 일정 FnGuide Momentum Index는 매년 정기변경은 1월, 4월, 7월, 10월(연 4회) 옵션 만기일 전주 목요일을 기준으로 종목을 선정하며, 옵션 만기일 다음 주 첫 영업일...",40,equal_weighted,,True,True,True,False,False,11,12233,https://file.fnguide.com/fnindex/files/FnGuide_Momentum_Index_Methodology_Book_미래_(20190701)_v2.4.pdf,etfs\output\methodologies\147970_973fb7868147.pdf,
442090,에셋플러스 코리아대장장이액티브,downloaded,FnGuide Blacksmith Index,January 2022,keyword_theme,semiannual,"6,12",선물옵션 만기일 익주 첫 영업일에 정기변경을 수행합니다,3,float_market_cap_weighted,9%,True,True,True,True,False,16,21483,https://file.fnguide.com/fnindex/files/FnGuide_Blacksmith_Index_Methodology_Book_에셋플러스_(20220105)_v1.0.pdf,etfs\output\methodologies\442090_f73617e1e338.pdf,
400970,TIGER Fn메타버스,downloaded,FnGuide K-Metaverse MZ Index,August 2021,keyword_theme,semiannual,"6,12",선물옵션 만기일(D) 이후 4영업일(D+4)과 5영업일(D+5)에 정기변경을 수행합니다,10,float_market_cap_weighted,,True,True,True,True,True,20,24012,https://file.fnguide.com/fnindex/files/FnGuide_K-Metaverse_ MZ_Index_Methodology_Book_NHA_(20210802)_v1.0.pdf,etfs\output\methodologies\400970_7942b9107d76.pdf,
322410,HANARO K고배당,downloaded,FnGuide KQ High Dividend Focus Index,July 2019,dividend,semiannual,"4,5",선물옵션 만기일 익주 두번째 영업일부터 세번째 영업일까지,30,float_market_cap_weighted,8%,True,True,True,False,False,12,13558,https://file.fnguide.com/fnindex/files/FnGuide_KQ_High_Dividend_Focus_Index_Methodology_Book_KB_(20190701)_v1.6.pdf,etfs\output\methodologies\322410_facff45e9403.pdf,
447430,ACE 주주환원가치주액티브,downloaded,FnGuide Korea All-round Value Index,October 2022,equal_weight,quarterly,"3,6,9,12",선물옵션 만기일(D)을 기준으로 2영업일째(D+2)에 정기변경을 수행합니다,500,equal_weighted,,True,True,True,False,False,10,11938,https://file.fnguide.com/fnindex/files/FnGuide_Korea_All-round_Value_Index_Methodology_Book_한투_(20221004)_v1.3.pdf,etfs\output\methodologies\447430_68ca6cbd7a46.pdf,
0178H0,IBK 미국AI TOP10국채혼합50,downloaded,FnGuide 미국AITOP10 지수,January 2026,dividend,semiannual,"5,11",3영업일 전으로 합니다,3,market_cap_weighted,20%,False,True,True,True,False,12,17499,https://file.fnguide.com/fnindex/files/FnGuide_US_AI TOP10_Index_Methodology_Book_(20260114)_v1.0.pdf,etfs\output\methodologies\0178H0_dcd5e0abacfc.pdf,
380340,ACE 코리아AI테크핵심산업,downloaded,FnGuide Korea AI Tech Core Industry Index,December 2025,keyword_theme,semiannual,"6,12",선물옵션 만기일(D) 이후 2영업일째(D+2)에 정기변경을 수행합니다,3,float_market_cap_weighted,20%,True,True,True,True,True,20,25500,,etfs\output\methodologies\380340_a0fd547b69bf.pdf,
395170,KODEX Top10동일가중,downloaded,FnGuide Size/Style Index Series,February 2026,dividend,semiannual,"6,12",선물옵션 만기일(D) 이후 2영업일째(D+2)에 정기변경을 수행합니다,10,float_market_cap_weighted,25%,True,True,True,False,False,16,16910,https://file.fnguide.com/fnindex/files/FnGuide_SizeStyle_Index_Series_Methodology_Book_미래_(20260203)_v2.0.pdf,etfs\output\methodologies\395170_60b5df44287f.pdf,
322400,HANARO e커머스,downloaded,FnGuide E-Commerce Index,July 2019,keyword_theme,semiannual,"6,12",선물옵션 만기일(D) 이후 4영업일(D+4)과 5영업일(D+5)에 정기변경을 수행합니다,40,float_market_cap_weighted,,True,True,True,True,True,16,20497,https://file.fnguide.com/fnindex/files/FnGuide_E_Commerce_Index_Methodology_Book_NH_(20190701)_v1.3.pdf,etfs\output\methodologies\322400_77f341f3bdc6.pdf,
464600,SOL 자동차소부장Fn,downloaded,FnGuide Automobile Materials & Equipment Index,July 2023,keyword_theme,semiannual,"6,12",선물옵션 만기일(D) 이후 2영업일째(D+2)에 정기변경을 수행합니다,20,float_market_cap_weighted,10%,True,True,True,True,True,17,23868,,etfs\output\methodologies\464600_c065530b275c.pdf,
385520,KODEX 자율주행액티브,search_failed,,,unknown,unknown,,,,unknown,,False,False,False,False,False,0,0,,,"Client error '403 Forbidden' for url 'https://html.duckduckgo.com/html/?q=%22KODEX+%EC%9E%90%EC%9C%A8%EC%A3%BC%ED%96%89%EC%95%A1%ED%8B%B0%EB%B8%8C%22+FnGuide+%EC%A7%80%EC%88%98+%EB%B0%A9%EB%B2%95%EB%A1%A0'
For more information check: https://developer.mozilla.org/en-US/docs/Web/HTTP/Status/403"
395290,HANARO Fn K-POP&미디어,downloaded,FnGuide K-POP & Media Index,February 2021,keyword_theme,semiannual,"6,12",선물옵션 만기일(D) 이후 4영업일(D+4)과 5영업일(D+5)에 정기변경을 수행합니다,20,float_market_cap_weighted,,True,True,True,False,True,17,21886,,etfs\output\methodologies\395290_48ffa5d26b80.pdf,
241390,RISE V&S셀렉트밸류채권혼합,downloaded,FnGuide Select Value Balanced Index,July 2019,equal_weight,semiannual,"5,11",e or retrieval system nor should the material be disclosed to third parties without the written authorization of FnGu...,,market_cap_weighted,,True,True,False,False,False,9,8710,https://file.fnguide.com/fnindex/files/FnGuide_Select_Value_Balanced_Index_Methodology_Book_KB_(20190701)_v2.3.pdf,etfs\output\methodologies\241390_a76561f8086e.pdf,
0152E0,SOL 배당성향탑픽액티브,downloaded,FnGuide Dividend Payout Top Picks,November 2025,dividend,unknown,"1,2,4,5,7,8,10,11",2영업일째(D+2)에 정기변경을 수행합니다,20,float_market_cap_weighted,8%,True,True,True,False,False,12,13844,https://file.fnguide.com/fnindex/files/FnGuide Dividend Payout Top Picks_Methodology_Book_(20251110)_v1.1.pdf,etfs\output\methodologies\0152E0_3f477e56e128.pdf,
145850,TREX 펀더멘탈 200,downloaded,FnGuide-RAFI Korea Index Series,July 2019,dividend,annual,6,"종목 선정일 및 개편 일정 종목 및 편입비중의 정기변경은 매년 6월 KOSPI200 주가지수 선물, 옵션 동시만기일의 다음주 첫 영업일에 실시한다. 수시 변경 및 지수관리의 기본 룰은 MKF지수의 방법을 따른다...",50,fundamental_float_adjusted,25%,True,True,False,False,False,14,15681,https://file.fnguide.com/fnindex/files/FnGuide-RAFI_Korea_Index_Series_Methodology_Book_한투_(20190701)_v2.4.pdf,etfs\output\methodologies\145850_71da2faa0706.pdf,
0150K0,KoAct 수소전력ESS인프라액티브,downloaded,FnGuide Hydrogen Power ESS Infra Index,November 2025,equal_weight,semiannual,"6,12",선물옵션 만기일(D) 이후 2영업일째(D+2)에 정기변경을 수행합니다,3,equal_weighted,,True,True,True,True,True,20,26496,https://file.fnguide.com/fnindex/files/FnGuide Hydrogen Power ESS Infra Index _Methodology_Book_(20251117)_v1.0.pdf,etfs\output\methodologies\0150K0_57af2cacda3c.pdf,
388280,RISE K엔터&여행레저,downloaded,FnGuide K-Entertainment & Travel Leisure Index,,sector_theme,semiannual,"6,12",선물옵션 만기일 익주 첫 영업일에 정기변경을 수행합니다,,float_market_cap_weighted,10%,True,True,True,False,True,14,19314,,etfs\output\methodologies\388280_8bf34ee452fc.pdf,
0104G0,PLUS K방산레버리지,downloaded,FnGuide Secondary Battery Industry Leverage Index TR,May 2024,theme,semiannual,"5,11",storage or retrieval system nor should the material be disclosed to third parties without the written authorization o...,,market_cap_weighted,,True,True,False,False,False,6,6573,https://file.fnguide.com/fnindex/files/FnGuide Secondary_Battery_Industry_Leverage_Index_TR_Methodology_Book_(20240715)_v1.0.pdf,etfs\output\methodologies\0104G0_1ea7f5ede368.pdf,
367740,HANARO Fn5G산업,downloaded,FnGuide 5G Industry Index,August 2020,keyword_theme,quarterly,"5,6,11,12",선물옵션 만기일(D) 이후 4영업일(D+4)과 5영업일(D+5)에 정기변경을 수행합니다,5,float_market_cap_weighted,,True,True,True,True,True,15,20202,https://file.fnguide.com/fnindex/files/FnGuide_5G Industry_Index_Methodology_Book_NHA_(20200820)_v1.0.pdf,etfs\output\methodologies\367740_b31513bf9d04.pdf,
368190,HANARO Fn K-뉴딜디지털플러스,downloaded,FnGuide K-NewDeal Digital Plus Index,September 2020,sector_theme,semiannual,"6,12",선물옵션 만기일 (FnGuide 2차전지,5,float_market_cap_weighted,,True,True,True,False,False,15,19777,https://file.fnguide.com/fnindex/files/FnGuide_K-NewDeal_Digital_Plus_Index_Methodology_Book_(20200928)_v1.5.pdf,etfs\output\methodologies\368190_65a4282dd972.pdf,
300950,KODEX 게임산업,downloaded,FnGuide Game Industry Index,July 2019,sector_theme,quarterly,"5,6,11,12",선물옵션 만기일 익주 첫 번째 영업일에 정기 변경을 수행합니다,,float_market_cap_weighted,25%,True,False,False,False,True,15,19882,,etfs\output\methodologies\300950_1e987e725fc3.pdf,
337120,KODEX 멀티팩터,downloaded,FnGuide Multi-Factor Index,,top_n_theme,quarterly,"4,6,9,12",선물옵션 만기일 (D-2),20,score_weighted,,True,False,False,False,False,11,13486,https://file.fnguide.com/fnindex/files/FnGuide_Multi-Factor_Index_Methodology_Book_(20191212)_v1.1.pdf,etfs\output\methodologies\337120_256ce8ee50d6.pdf,
385600,ACE 2차전지&친환경차액티브,downloaded,FnGuide Secondary Battery Industry Index,April 2023,keyword_theme,quarterly,"3,6,9,12",선물옵션 만기일 익주 첫 번째 영업일부터 세 번째 영업일까지 정기 변경을 수행합니다,25,score_weighted,20%,True,True,True,True,False,13,15188,,etfs\output\methodologies\385600_8ae0b61a17ae.pdf,
479850,HANARO K-뷰티,downloaded,FnGuide K-Beauty Index,November 2023,keyword_theme,quarterly,"5,6,11,12",2영업일째(D+2)에 정기변경을 수행합니다,3,float_market_cap_weighted,20%,True,True,True,True,True,18,24488,https://file.fnguide.com/fnindex/files/FnGuide_K-Beauty_Index_Methodology_Book_(20231114)_v1.0.pdf,etfs\output\methodologies\479850_60faea437008.pdf,
445690,BNK 주주가치액티브,downloaded,FnGuide K-Shareholder Value Index,June 2024,sector_theme,semiannual,"5,11",선물옵션 만기일(D) 이후 2영업일째(D+2)에 정기변경을 수행합니다,,custom_weighted,5%,True,True,True,False,False,17,21325,https://file.fnguide.com/fnindex/files/FnGuide_K-Shareholder_Value_Index_Methodology_Book_(20240624)_v1.2.pdf,etfs\output\methodologies\445690_3dcfffc116a2.pdf,
387280,TIGER 퓨처모빌리티액티브,downloaded,FnGuide Fuel Cell Electric Future Mobility Index,February 2021,keyword_theme,semiannual,"6,12",선물옵션 만기일 익주 첫 영업일에 정기변경을 수행합니다,1,float_market_cap_weighted,,True,True,False,True,False,10,12618,,etfs\output\methodologies\387280_03472677893e.pdf,
253290,RISE 헬스케어채권혼합,downloaded,FnGuide Healthcare Balanced Index,July 2019,equal_weight,semiannual,"5,11",age or retrieval system nor should the material be disclosed to third parties without the written authorization of Fn...,,market_cap_weighted,,True,True,False,False,False,14,16617,https://file.fnguide.com/fnindex/files/FnGuide_Healthcare_Balanced_Index_Methodology_Book_KB_(20190701)_v2.3.pdf,etfs\output\methodologies\253290_391d25c94326.pdf,
491510,파워 K-주주가치액티브,downloaded,FnGuide K-Shareholder Value Index,June 2024,sector_theme,semiannual,"5,11",선물옵션 만기일(D) 이후 2영업일째(D+2)에 정기변경을 수행합니다,,custom_weighted,5%,True,True,True,False,False,17,21325,https://file.fnguide.com/fnindex/files/FnGuide_K-Shareholder_Value_Index_Methodology_Book_(20240624)_v1.2.pdf,etfs\output\methodologies\491510_3dcfffc116a2.pdf,
244620,KODEX 모멘텀Plus,downloaded,FnGuide Momentum Index,July 2019,equal_weight,quarterly,"1,4,7,10","종목 선정일 및 개편 일정 FnGuide Momentum Index는 매년 정기변경은 1월, 4월, 7월, 10월(연 4회) 옵션 만기일 전주 목요일을 기준으로 종목을 선정하며, 옵션 만기일 다음 주 첫 영업일...",40,equal_weighted,,True,True,True,False,False,11,12233,https://file.fnguide.com/fnindex/files/FnGuide_Momentum_Index_Methodology_Book_미래_(20190701)_v2.4.pdf,etfs\output\methodologies\244620_973fb7868147.pdf,
410870,TIME K컬처액티브,downloaded,FnGuide K-Culture Index,September 2021,equal_weight,semiannual,"6,12",선물옵션 만기일 익주 첫 영업일에 정기변경을 수행합니다,5,equal_weighted,,True,True,False,True,True,16,21458,https://file.fnguide.com/fnindex/files/FnGuide_K-Culture_Methodology_Book_타임폴리오자산운용_(20210930)_v1.02.pdf,etfs\output\methodologies\410870_7bd767b77e2a.pdf,
373490,KODEX 코리아혁신성장액티브,downloaded,FnGuide KOREA High Dividend,December 2025,dividend,semiannual,"5,11",선물옵션 만기일(D) 이후 2영업일째(D+2)에 정기변경을 수행합니다,10,float_market_cap_weighted,5%,True,True,True,False,False,13,14929,https://file.fnguide.com/fnindex/files/FnGuide_KOREA_High_Dividend_Methodology_Book_(20251201)_v1.3.pdf,etfs\output\methodologies\373490_e6f5d77736ff.pdf,
280920,PLUS 주도업종,downloaded,FnGuide Leading Industry Index,July 2019,sector_theme,semiannual,"6,12",5영업일째 되는 날(T+4)에,1,float_market_cap_weighted,20%,True,False,False,False,False,17,22052,https://file.fnguide.com/fnindex/files/FnGuide_Leading_Industry_Index_Methodology_Book_한화_(20190701)_v1.3.pdf,etfs\output\methodologies\280920_6f41829cd366.pdf,
447660,PLUS 애플채권혼합,downloaded,FnGuide APPLE Balanced Index,September 2022,theme,unknown,,개편 일정 FnGuide 애플채권혼합지수는 애플 단일 종목과 KIS 3년국채선물추종지수를 매일 동일한 3:7 비중으 로 조정하는 Constant Mix 방식을 적용합니다. 2.3 애플 종목변동 시 이벤트 적용...,,unknown,,False,False,False,False,False,5,4205,https://file.fnguide.com/fnindex/files/FnGuide_APPLE_Balanced_Index_Methodology_Book_(20220907)_v1.1.pdf,etfs\output\methodologies\447660_8319467896a0.pdf,
0153P0,ACE 리츠부동산인프라액티브,downloaded,FnGuide REITs Real Estate Infrastructure Index,March 2023,dividend,semiannual,"6,12",선물옵션 만기일(D) 이후 2영업일(D+2) 부터 6영업일(D+6)까지 5영업일간 정기,30,market_cap_weighted,17%,True,True,True,False,False,10,12078,https://file.fnguide.com/fnindex/files/FnGuide_REITs_Real_Estate_Infrastructure_Index_Methodology_Book_(20230322)_v2.2.pdf,etfs\output\methodologies\0153P0_96b3c73fc9df.pdf,
487750,BNK 온디바이스AI,downloaded,FnGuide On-Device AI Index,June 2024,equal_weight,semiannual,"6,12",선물옵션 만기일(D) 이후 2영업일째(D+2)에 정기변경을 수행합니다,,equal_weighted,20%,True,True,True,True,True,18,22806,,etfs\output\methodologies\487750_d51284e3ed0e.pdf,
234310,RISE V&S셀렉트밸류,downloaded,FnGuide Select Value Index,July 2019,equal_weight,unknown,"1,3,4,6,7,9,10,12",선물옵션 만기일 익주 첫,20,equal_weighted,10%,True,True,True,False,False,12,13138,https://file.fnguide.com/fnindex/files/FnGuide_Select_Value_Index_Methodology_Book_KB_(20190701)_v2.6.pdf,etfs\output\methodologies\234310_c9bf121c65b5.pdf,
395760,PLUS ESG성장주액티브,downloaded,FnGuide ESGM ESG 지수,,dividend,annual,5,"마지막 영업일 기준이며, 리밸런싱은",80,market_cap_weighted,10%,True,False,True,False,False,19,13518,https://file.fnguide.com/fnindex/files/FnGuide_ESGM_ESG_Indices_Methodology_Book(20231004)_v1.0.pdf,etfs\output\methodologies\395760_c2380f5c88ae.pdf,
464610,SOL 의료기기소부장Fn,downloaded,FnGuide Medical Device Materials & Equipment Index,July 2023,keyword_theme,semiannual,"6,12",선물옵션 만기일(D) 이후 2영업일째(D+2)에 정기변경을 수행합니다,,float_market_cap_weighted,10%,True,True,True,True,True,18,24240,,etfs\output\methodologies\464610_aca3e09d507b.pdf,
438900,HANARO Fn K-푸드,downloaded,FnGuide K-Food Index,March 2025,keyword_theme,quarterly,"5,6,11,12",선물옵션 만기일(D) 이후 4영업일(D+4)과 5영업일(D+5)에 정기변경을 수행합니다,15,float_market_cap_weighted,,True,True,True,True,True,15,19879,https://file.fnguide.com/fnindex/files/FnGuide_K-Food_Index_Methodology_Book_NHA_(20250318)_v1.1.pdf,etfs\output\methodologies\438900_4292e84eb6ac.pdf,
407820,에셋플러스 코리아플랫폼액티브,downloaded,FnGuide AI Platform Index,,keyword_theme,semiannual,"6,12",선물옵션 만기일 익주 첫 영업일에 정기변경을 수행합니다,3,float_market_cap_weighted,8%,True,True,True,True,False,15,20635,https://file.fnguide.com/fnindex/files/FnGuide_AI_Platform_Index_Methodology_Book_KB_(20251106)_v1.1.pdf,etfs\output\methodologies\407820_880faa2f3829.pdf,
0138D0,RISE 동학개미,downloaded,FnGuide Investor’s choice KR Index,August 2025,equal_weight,semiannual,"5,11","3 영업일(D+2, D+3, D+4)동안 정기변경을 수행합니다",10,equal_weighted,,True,True,True,False,False,10,11720,https://file.fnguide.com/fnindex/files/FnGuide_Investor's choice KR_Index_Methodology_Book_KB_(20251001)_v1.0.pdf,etfs\output\methodologies\0138D0_8556a49ed630.pdf,
251590,PLUS 고배당저변동50,downloaded,FnGuide High Dividend Low Volatility 50 Index,July 2019,dividend,quarterly,"5,6,11,12",선물옵션 만기일(D-4)을 포함하여,50,equal_weighted,,True,True,True,False,False,11,12841,https://file.fnguide.com/fnindex/files/FnGuide_High_Dividend_Low_Volatility_50_Index_Methodology_Book_한화_(20190701)_v2.3.pdf,etfs\output\methodologies\251590_2efaefd71409.pdf,
381570,HANARO Fn친환경에너지,downloaded,FnGuide Green Energy Index,January 2021,keyword_theme,semiannual,"6,12",선물옵션 만기일(D) 이후 4영업일(D+4)과 5영업일(D+5)에 정기변경을 수행합니다,20,float_market_cap_weighted,,True,True,True,True,False,10,11661,,etfs\output\methodologies\381570_0ec8d43f2410.pdf,
0001P0,마이티 바이오시밀러&CDMO액티브,downloaded,FnGuide Bio Similar & CDMO Index,October 2024,keyword_theme,semiannual,"6,12",선물옵션 만기일(D) 이후 2영업일째(D+2)에 정기변경을 수행합니다,2,float_market_cap_weighted,22%,True,False,True,True,True,21,26753,,etfs\output\methodologies\0001P0_eb4704aff5f2.pdf,
174350,TIGER 로우볼,search_failed,,,unknown,unknown,,,,unknown,,False,False,False,False,False,0,0,,,"Client error '403 Forbidden' for url 'https://html.duckduckgo.com/html/?q=%22TIGER+%EB%A1%9C%EC%9A%B0%EB%B3%BC%22+FnGuide+%EC%A7%80%EC%88%98+%EB%B0%A9%EB%B2%95%EB%A1%A0'
For more information check: https://developer.mozilla.org/en-US/docs/Web/HTTP/Status/403"
0120J0,BNK 카카오그룹포커스,downloaded,FnGuide KAKAO Group Focus Index,September 2025,sector_theme,unknown,"2,3,6,8,9,12",선물옵션 만기일(D) 이후 2영업일째(D+2)에 정기 개,5,market_cap_weighted,20%,True,True,True,False,True,13,18135,https://file.fnguide.com/fnindex/files/FnGuide_KAKAO_Group_Focus_Index_Methodology_Book_(20250908)_v1.1.pdf,etfs\output\methodologies\0120J0_b095ae95789b.pdf,
395750,PLUS ESG가치주액티브,downloaded,FnGuide ESGM ESG 지수,,dividend,annual,5,"마지막 영업일 기준이며, 리밸런싱은",80,market_cap_weighted,10%,True,False,True,False,False,19,13518,https://file.fnguide.com/fnindex/files/FnGuide_ESGM_ESG_Indices_Methodology_Book(20231004)_v1.0.pdf,etfs\output\methodologies\395750_c2380f5c88ae.pdf,
281990,RISE 중소형고배당,downloaded,FnGuide K High Dividend Index,August 2025,dividend,semiannual,"6,12",선물옵션 만기일(D) 이후 4영업일(D+4)과 5영업일(D+5)에 정기변경을 수행합니다,40,custom_weighted,,True,True,True,False,True,10,11603,https://file.fnguide.com/fnindex/files/FnGuide_K_High_Dividend_Index_Methodology_Book_(20250821)_v1.2.pdf,etfs\output\methodologies\281990_99b6b7ae10f9.pdf,
395150,KODEX 웹툰&드라마,downloaded,FnGuide Webtoon and Drama Index,March 2021,keyword_theme,semiannual,"6,12",선물옵션 만기일 익주 첫 영업일에 정기변경을 수행합니다,,float_market_cap_weighted,15%,True,True,True,True,True,18,22711,https://file.fnguide.com/fnindex/files/FnGuide_Webtoon and Drama_Index_Methodology_Book_삼성_(20210323)_v1.5.pdf,etfs\output\methodologies\395150_dabfddc86a6d.pdf,
402460,HANARO Fn K-메타버스MZ,downloaded,FnGuide K-Metaverse MZ Index,August 2021,keyword_theme,semiannual,"6,12",선물옵션 만기일(D) 이후 4영업일(D+4)과 5영업일(D+5)에 정기변경을 수행합니다,10,float_market_cap_weighted,,True,True,True,True,True,20,24012,https://file.fnguide.com/fnindex/files/FnGuide_K-Metaverse_ MZ_Index_Methodology_Book_NHA_(20210802)_v1.0.pdf,etfs\output\methodologies\402460_7942b9107d76.pdf,
270800,RISE KQ고배당,downloaded,FnGuide KQ High Dividend Focus Index,July 2019,dividend,semiannual,"4,5",선물옵션 만기일 익주 두번째 영업일부터 세번째 영업일까지,30,float_market_cap_weighted,8%,True,True,True,False,False,12,13558,https://file.fnguide.com/fnindex/files/FnGuide_KQ_High_Dividend_Focus_Index_Methodology_Book_KB_(20190701)_v1.6.pdf,etfs\output\methodologies\270800_facff45e9403.pdf,
395280,HANARO Fn K-게임,downloaded,FnGuide K-Game Index,February 2021,keyword_theme,semiannual,"6,12",선물옵션 만기일(D) 이후 4영업일(D+4)과 5영업일(D+5)에 정기변경을 수행합니다,20,float_market_cap_weighted,,True,True,True,False,True,16,21209,,etfs\output\methodologies\395280_61f80a798567.pdf,
253280,RISE 헬스케어,downloaded,FnGuide Healthcare Index,July 2019,sector_theme,semiannual,"6,12",.............. 6 3.2 기준시가총액(𝑩𝒕) 산출 방법 ..................................................................................,,float_market_cap_weighted,,True,True,True,False,True,15,19836,,etfs\output\methodologies\253280_9855e57bcb28.pdf,
0184V0,UNICORN K바이오액티브,downloaded,FnGuide K-Bio Balanced Index,March 2026,equal_weight,quarterly,"5,6,11,12",선물옵션 만기일(D) 이후 2영업일째(D+2)에 정기변경을 수행합니다,3,equal_weighted,,True,True,True,True,True,21,26692,,etfs\output\methodologies\0184V0_e6ad30e3a9d6.pdf,
227570,TIGER 우량가치,search_failed,,,unknown,unknown,,,,unknown,,False,False,False,False,False,0,0,,,"Client error '403 Forbidden' for url 'https://html.duckduckgo.com/html/?q=%22TIGER+%EC%9A%B0%EB%9F%89%EA%B0%80%EC%B9%98%22+FnGuide+%EC%A7%80%EC%88%98+%EB%B0%A9%EB%B2%95%EB%A1%A0'
For more information check: https://developer.mozilla.org/en-US/docs/Web/HTTP/Status/403"
326230,RISE 내수주플러스,downloaded,FnGuide Domestic Consumption Plus Index,July 2019,sector_theme,semiannual,"6,12",선물옵션 만기일 익주 첫 영업일에 정기변경을 수행합니다,60,float_market_cap_weighted,10%,True,True,True,False,True,9,11039,https://file.fnguide.com/fnindex/files/FnGuide_Domestic Consumption Plus Index Methodology_Book_KB_(20190701)_v1.3.pdf,etfs\output\methodologies\326230_402af620d8d2.pdf,
368680,KODEX K-뉴딜디지털플러스,downloaded,FnGuide K-NewDeal Digital Plus Index,September 2020,sector_theme,semiannual,"6,12",선물옵션 만기일 (FnGuide 2차전지,5,float_market_cap_weighted,,True,True,True,False,False,15,19777,https://file.fnguide.com/fnindex/files/FnGuide_K-NewDeal_Digital_Plus_Index_Methodology_Book_(20200928)_v1.5.pdf,etfs\output\methodologies\368680_65a4282dd972.pdf,
429740,PLUS K리츠,downloaded,FnGuide REITs Index,May 2024,equal_weight,quarterly,"5,6,11,12",선물옵션 만기일(D)의 종가를 이용합니다,,equal_weighted,35%,True,True,True,False,False,11,13195,https://file.fnguide.com/fnindex/files/FnGuide_REITs_Index_Methodology_Book_한화_(20240516)_v1.4.pdf,etfs\output\methodologies\429740_6ed4df055ccd.pdf,
244670,KODEX 밸류Plus,downloaded,FnGuide Plus Index Series,May 2019,top_n_theme,monthly,"1,2,3,4,5,6,7,8,9,10,11,12","3영업일 전에(D-3) 각 지수별 핵심지표와 보조지표를 계산하며, 계산된",40,equal_weighted,,True,True,True,False,False,14,15612,https://file.fnguide.com/fnindex/files/FnGuide_Plus_Index_Series_Methodology_Book_삼성자산운용_(20190725)_v3.1.pdf,etfs\output\methodologies\244670_25a190c8fca5.pdf,
407300,HANARO Fn골프테마,downloaded,FnGuide Golf Theme Index,April 2025,keyword_theme,semiannual,"6,12",선물옵션 만기일(D) 이후 4영업일(D+4)과 5영업일(D+5)에 정기변경을 수행합니다,5,float_market_cap_weighted,,True,True,True,True,False,11,12998,https://file.fnguide.com/fnindex/files/FnGuide_Golf Theme Index_Methodology_Book_NHA_(20250404)_v1.1.pdf,etfs\output\methodologies\407300_0b2a6206189b.pdf,
307510,TIGER 의료기기,downloaded,FnGuide Healthcare Equipment Index,July 2019,sector_theme,quarterly,"5,6,11,12",마지막 영업일을 평가일로 하여 실시한다,,float_market_cap_weighted,25%,True,True,True,False,True,15,19114,,etfs\output\methodologies\307510_bc4f965abc8e.pdf,
266550,PLUS 중형주저변동50,downloaded,FnGuide High Dividend Low Volatility 50 Index,July 2019,dividend,quarterly,"5,6,11,12",선물옵션 만기일(D-4)을 포함하여,50,equal_weighted,,True,True,True,False,False,11,12841,https://file.fnguide.com/fnindex/files/FnGuide_High_Dividend_Low_Volatility_50_Index_Methodology_Book_한화_(20190701)_v2.3.pdf,etfs\output\methodologies\266550_2efaefd71409.pdf,
483020,KIWOOM 의료AI,downloaded,FnGuide AI medical technology Index,March 2024,keyword_theme,quarterly,"5,6,11,12",2영업일째(D+2)와 3영업일째(D+3)에 정기변경을 수행합니다,3,float_market_cap_weighted,20%,True,True,True,True,True,18,24724,,etfs\output\methodologies\483020_99a98d15edd1.pdf,
244660,KODEX 퀄리티Plus,downloaded,FnGuide Plus Index Series,May 2019,top_n_theme,monthly,"1,2,3,4,5,6,7,8,9,10,11,12","3영업일 전에(D-3) 각 지수별 핵심지표와 보조지표를 계산하며, 계산된",40,equal_weighted,,True,True,True,False,False,14,15612,https://file.fnguide.com/fnindex/files/FnGuide_Plus_Index_Series_Methodology_Book_삼성자산운용_(20190725)_v3.1.pdf,etfs\output\methodologies\244660_25a190c8fca5.pdf,
314700,HANARO 농업융복합산업,downloaded,FnGuide Agriculture Business Industry Index,March 2025,keyword_theme,semiannual,"6,12",선물옵션 만기일(D) 이후 4영업일(D+4)과 5영업일(D+5)에 정기변경을 수행합니다,15,float_market_cap_weighted,,True,True,True,False,False,10,11853,https://file.fnguide.com/fnindex/files/FnGuide_Agriculture_Business_Industry_Index_Methodology_Book_NH_(20250318)_v1.5.pdf,etfs\output\methodologies\314700_715f19bf6430.pdf,
226380,ACE Fn성장소비주도주,downloaded,FnGuide Growth and Consumption-Driven Stock Index,September 2020,equal_weight,semiannual,"6,12","종목 선정일 및 개편 일정 FnGuide 성장소비주도 지수의 구성 종목 선정은 6월과 12월 (연 2회) KOSPI200 옵션 만기일 다음주 목요일(휴장인 경우 직전 영업일)을 기준으로 하며, 옵션만기일 다음주...",45,equal_weighted,,True,True,True,True,True,16,20937,,etfs\output\methodologies\226380_7e2103f24d78.pdf,
427120,RISE AI플랫폼,downloaded,FnGuide AI Platform Index,,keyword_theme,semiannual,"6,12",선물옵션 만기일 익주 첫 영업일에 정기변경을 수행합니다,3,float_market_cap_weighted,8%,True,True,True,True,False,15,20635,,etfs\output\methodologies\427120_880faa2f3829.pdf,
422260,VITA MZ소비액티브,downloaded,FnGuide MZ Consumption Index,September 2021,equal_weight,quarterly,"5,6,11,12",선물옵션 만기일 익주 첫 영업일에 정기변경을 수행합니다,5,equal_weighted,,True,False,False,True,False,16,21621,,etfs\output\methodologies\422260_c15b6897fbaf.pdf,
